Mês Ano;Órgão Superior;Órgão/Entidade Vinculada;Valor Empenhado;Valor Liquidado;Valor Pago;Valor Restos a Pagar Pagos
abr/24;26000 - Ministério da Educação;26256 - Centro Federal de Educação Tecnológica Celso Suckow da Fonseca;14.938.864,03;36.472.261,25;34.825.406,86;2.534.061,84
ago/24;26000 - Ministério da Educação;26256 - Centro Federal de Educação Tecnológica Celso Suckow da Fonseca;2.624.567,67;36.726.479,58;36.518.185,61;1.957.350,05
out/24;26000 - Ministério da Educação;26256 - Centro Federal de Educação Tecnológica Celso Suckow da Fonseca;2.989.013,50;39.222.837,23;39.232.860,48;827.102,42
jul/24;26000 - Ministério da Educação;26256 - Centro Federal de Educação Tecnológica Celso Suckow da Fonseca;700.604,63;37.688.567,80;48.842.429,92;3.766.331,39
nov/24;26000 - Ministério da Educação;26256 - Centro Federal de Educação Tecnológica Celso Suckow da Fonseca;2.064.153,52;58.217.871,84;44.146.944,54;448.567,90
dez/24;26000 - Ministério da Educação;26256 - Centro Federal de Educação Tecnológica Celso Suckow da Fonseca;20.334.411,69;49.029.501,56;48.389.868,36;1.111.326,95
mar/24;26000 - Ministério da Educação;26256 - Centro Federal de Educação Tecnológica Celso Suckow da Fonseca;1.716.829,04;35.669.331,02;35.408.557,62;3.072.545,57
set/24;26000 - Ministério da Educação;26256 - Centro Federal de Educação Tecnológica Celso Suckow da Fonseca;2.088.960,29;38.863.749,02;36.918.756,35;287.033,41
jan/24;26000 - Ministério da Educação;26256 - Centro Federal de Educação Tecnológica Celso Suckow da Fonseca;432.346.026,38;33.048.210,06;6.001.732,95;43.700.944,00
fev/24;26000 - Ministério da Educação;26256 - Centro Federal de Educação Tecnológica Celso Suckow da Fonseca;5.318.529,15;34.266.775,69;30.023.867,97;6.624.726,21
jun/24;26000 - Ministério da Educação;26256 - Centro Federal de Educação Tecnológica Celso Suckow da Fonseca;17.785.557,96;47.401.285,52;42.970.812,93;4.239.064,99
mai/24;26000 - Ministério da Educação;26256 - Centro Federal de Educação Tecnológica Celso Suckow da Fonseca;7.335.695,93;43.774.919,38;37.360.564,19;1.561.690,15
set/24;26000 - Ministério da Educação;26257 - Centro Federal de Educação Tecnológica de Minas Gerais;2.142.537,02;44.492.511,00;43.876.552,11;27.056,11
mar/24;26000 - Ministério da Educação;26257 - Centro Federal de Educação Tecnológica de Minas Gerais;2.214.820,36;41.943.847,21;41.308.484,54;1.770.647,30
abr/24;26000 - Ministério da Educação;26257 - Centro Federal de Educação Tecnológica de Minas Gerais;7.038.136,02;45.216.966,17;44.087.941,16;1.245.608,06
nov/24;26000 - Ministério da Educação;26257 - Centro Federal de Educação Tecnológica de Minas Gerais;6.861.855,02;67.636.169,97;52.668.441,77;169.751,66
mai/24;26000 - Ministério da Educação;26257 - Centro Federal de Educação Tecnológica de Minas Gerais;7.302.235,51;44.936.710,96;43.874.703,14;896.349,35
jun/24;26000 - Ministério da Educação;26257 - Centro Federal de Educação Tecnológica de Minas Gerais;8.578.709,35;53.692.285,44;44.787.152,50;232.307,05
out/24;26000 - Ministério da Educação;26257 - Centro Federal de Educação Tecnológica de Minas Gerais;10.138.516,49;44.288.092,54;45.051.508,88;258.863,47
jul/24;26000 - Ministério da Educação;26257 - Centro Federal de Educação Tecnológica de Minas Gerais;14.145.750,24;42.842.488,24;52.505.760,26;492.552,61
jan/24;26000 - Ministério da Educação;26257 - Centro Federal de Educação Tecnológica de Minas Gerais;511.585.338,29;41.598.624,35;8.562.356,28;48.754.062,91
fev/24;26000 - Ministério da Educação;26257 - Centro Federal de Educação Tecnológica de Minas Gerais;737.050,48;39.442.652,09;36.299.226,06;1.531.788,83
dez/24;26000 - Ministério da Educação;26257 - Centro Federal de Educação Tecnológica de Minas Gerais;14.975.243,36;59.674.631,83;56.896.730,93;198.737,88
ago/24;26000 - Ministério da Educação;26257 - Centro Federal de Educação Tecnológica de Minas Gerais;-1.762.133,94;43.033.360,45;43.034.669,38;239.964,28
ago/24;26000 - Ministério da Educação;26201 - Colégio Pedro II;-10.309.922,48;63.167.851,51;62.319.691,25;717.719,03
abr/24;26000 - Ministério da Educação;26201 - Colégio Pedro II;13.846.453,21;59.841.486,13;60.195.872,46;2.185.933,78
out/24;26000 - Ministério da Educação;26201 - Colégio Pedro II;24.418.080,20;65.248.601,79;65.322.857,17;702.976,25
jan/24;26000 - Ministério da Educação;26201 - Colégio Pedro II;484.121.958,51;60.503.418,46;7.347.061,34;67.731.999,03
nov/24;26000 - Ministério da Educação;26201 - Colégio Pedro II;17.348.337,79;94.873.449,72;72.577.452,28;653.884,30
mai/24;26000 - Ministério da Educação;26201 - Colégio Pedro II;75.745.879,33;70.007.531,59;60.760.676,65;3.176.889,08
dez/24;26000 - Ministério da Educação;26201 - Colégio Pedro II;20.841.981,80;82.578.516,74;89.147.391,87;1.473.637,03
mar/24;26000 - Ministério da Educação;26201 - Colégio Pedro II;5.100.622,57;59.757.704,15;58.206.595,07;4.666.163,91
fev/24;26000 - Ministério da Educação;26201 - Colégio Pedro II;3.411.680,96;61.101.468,27;65.728.348,77;5.088.492,59
jul/24;26000 - Ministério da Educação;26201 - Colégio Pedro II;113.999.308,48;61.843.541,39;83.654.416,01;1.601.952,93
set/24;26000 - Ministério da Educação;26201 - Colégio Pedro II;49.574.081,38;63.506.496,33;62.897.720,79;1.749.700,16
jun/24;26000 - Ministério da Educação;26201 - Colégio Pedro II;63.494.819,77;83.119.552,47;68.880.350,64;3.675.752,13
jan/24;26000 - Ministério da Educação;26443 - Empresa Brasileira de Serviços Hospitalares;7.662.136.994,33;499.316.745,95;33.612.880,33;856.971.369,73
mar/24;26000 - Ministério da Educação;26443 - Empresa Brasileira de Serviços Hospitalares;291.327.115,99;730.686.776,80;744.271.500,77;107.715.002,60
abr/24;26000 - Ministério da Educação;26443 - Empresa Brasileira de Serviços Hospitalares;369.866.643,87;831.495.085,36;796.729.013,63;63.362.186,02
dez/24;26000 - Ministério da Educação;26443 - Empresa Brasileira de Serviços Hospitalares;1.048.619.169,70;1.218.951.765,50;1.352.702.333,07;31.942.348,31
fev/24;26000 - Ministério da Educação;26443 - Empresa Brasileira de Serviços Hospitalares;180.727.363,82;704.582.965,16;604.387.073,98;237.798.470,24
mai/24;26000 - Ministério da Educação;26443 - Empresa Brasileira de Serviços Hospitalares;316.128.352,47;873.718.205,60;841.645.257,55;44.698.739,12
jun/24;26000 - Ministério da Educação;26443 - Empresa Brasileira de Serviços Hospitalares;455.156.420,55;908.629.252,08;867.329.455,08;28.126.342,78
out/24;26000 - Ministério da Educação;26443 - Empresa Brasileira de Serviços Hospitalares;370.698.387,70;813.310.095,19;963.506.548,98;12.750.703,74
jul/24;26000 - Ministério da Educação;26443 - Empresa Brasileira de Serviços Hospitalares;588.633.787,19;795.647.937,53;1.117.346.980,74;24.774.935,19
set/24;26000 - Ministério da Educação;26443 - Empresa Brasileira de Serviços Hospitalares;360.330.289,42;926.782.052,72;939.604.937,97;15.451.751,75
ago/24;26000 - Ministério da Educação;26443 - Empresa Brasileira de Serviços Hospitalares;172.889.099,77;921.090.531,02;933.553.927,13;14.975.572,82
nov/24;26000 - Ministério da Educação;26443 - Empresa Brasileira de Serviços Hospitalares;886.291.313,87;1.057.421.142,37;952.770.289,56;30.919.465,28
mai/24;26000 - Ministério da Educação;26291 - Fundação Coordenação de Aperfeiçoamento de Pessoal de Nível Superior;211.247.168,94;608.305.445,57;387.090.819,06;7.995.000,52
jul/24;26000 - Ministério da Educação;26291 - Fundação Coordenação de Aperfeiçoamento de Pessoal de Nível Superior;709.460.152,27;521.195.067,27;423.526.027,63;13.223.434,60
ago/24;26000 - Ministério da Educação;26291 - Fundação Coordenação de Aperfeiçoamento de Pessoal de Nível Superior;-996.549.911,26;376.076.284,87;376.772.355,52;9.278.147,78
abr/24;26000 - Ministério da Educação;26291 - Fundação Coordenação de Aperfeiçoamento de Pessoal de Nível Superior;1.095.991.734,91;334.562.621,60;407.616.332,90;30.543.830,07
jan/24;26000 - Ministério da Educação;26291 - Fundação Coordenação de Aperfeiçoamento de Pessoal de Nível Superior;237.535.974,84;114.661.944,54;1.988.212,71;29.121.025,67
jun/24;26000 - Ministério da Educação;26291 - Fundação Coordenação de Aperfeiçoamento de Pessoal de Nível Superior;1.650.044.974,49;305.212.408,48;389.519.324,27;12.428.016,16
out/24;26000 - Ministério da Educação;26291 - Fundação Coordenação de Aperfeiçoamento de Pessoal de Nível Superior;169.384.290,25;511.623.349,63;392.685.475,38;5.416.019,43
mar/24;26000 - Ministério da Educação;26291 - Fundação Coordenação de Aperfeiçoamento de Pessoal de Nível Superior;384.215.018,56;221.169.915,42;354.171.982,75;39.222.017,31
fev/24;26000 - Ministério da Educação;26291 - Fundação Coordenação de Aperfeiçoamento de Pessoal de Nível Superior;376.775.137,16;279.934.843,88;155.222.897,45;322.287.125,85
dez/24;26000 - Ministério da Educação;26291 - Fundação Coordenação de Aperfeiçoamento de Pessoal de Nível Superior;239.760.633,95;509.971.555,82;628.006.975,59;5.321.517,79
nov/24;26000 - Ministério da Educação;26291 - Fundação Coordenação de Aperfeiçoamento de Pessoal de Nível Superior;690.187.403,75;216.842.404,77;359.388.235,74;15.782.393,67
set/24;26000 - Ministério da Educação;26291 - Fundação Coordenação de Aperfeiçoamento de Pessoal de Nível Superior;166.083.066,33;204.760.259,89;318.636.571,57;10.016.719,41
jan/24;26000 - Ministério da Educação;26292 - Fundação Joaquim Nabuco;116.209.323,27;8.774.734,38;1.457.852,42;11.623.249,00
jul/24;26000 - Ministério da Educação;26292 - Fundação Joaquim Nabuco;2.738.889,07;10.979.326,41;13.864.590,55;413.536,22
abr/24;26000 - Ministério da Educação;26292 - Fundação Joaquim Nabuco;20.005.853,97;11.738.620,17;11.870.146,11;212.516,54
fev/24;26000 - Ministério da Educação;26292 - Fundação Joaquim Nabuco;-1.048.766,33;10.207.507,30;8.908.200,35;1.562.967,23
mai/24;26000 - Ministério da Educação;26292 - Fundação Joaquim Nabuco;263.391,30;11.379.351,11;10.498.217,46;273.176,28
out/24;26000 - Ministério da Educação;26292 - Fundação Joaquim Nabuco;1.608.281,48;10.694.606,28;10.465.534,88;146.839,57
jun/24;26000 - Ministério da Educação;26292 - Fundação Joaquim Nabuco;370.574,98;13.415.337,82;11.206.097,82;287.482,81
ago/24;26000 - Ministério da Educação;26292 - Fundação Joaquim Nabuco;-1.660.793,50;10.676.085,04;11.040.267,28;143.994,80
set/24;26000 - Ministério da Educação;26292 - Fundação Joaquim Nabuco;5.066.181,31;13.888.989,91;13.821.748,84;35.444,21
dez/24;26000 - Ministério da Educação;26292 - Fundação Joaquim Nabuco;-350.035,40;14.011.031,08;15.158.660,74;72.093,74
mar/24;26000 - Ministério da Educação;26292 - Fundação Joaquim Nabuco;566.220,87;9.633.149,78;9.305.842,41;157.868,40
nov/24;26000 - Ministério da Educação;26292 - Fundação Joaquim Nabuco;2.246.227,71;15.640.378,05;12.258.229,37;142.209,97
set/24;26000 - Ministério da Educação;26271 - Fundação Universidade de Brasília;10.691.244,21;182.427.522,81;181.806.307,48;6.448.845,61
jul/24;26000 - Ministério da Educação;26271 - Fundação Universidade de Brasília;28.955.999,59;175.995.980,76;225.504.124,93;11.004.113,92
nov/24;26000 - Ministério da Educação;26271 - Fundação Universidade de Brasília;48.804.383,50;265.778.738,59;208.874.870,44;3.125.956,16
abr/24;26000 - Ministério da Educação;26271 - Fundação Universidade de Brasília;47.797.907,35;165.086.521,88;160.237.508,91;20.033.208,57
dez/24;26000 - Ministério da Educação;26271 - Fundação Universidade de Brasília;168.490.639,18;224.753.206,22;251.465.224,79;15.806.082,49
mai/24;26000 - Ministério da Educação;26271 - Fundação Universidade de Brasília;59.606.788,69;176.469.846,39;166.796.966,79;19.399.390,19
ago/24;26000 - Ministério da Educação;26271 - Fundação Universidade de Brasília;10.564.798,46;186.114.308,24;177.007.912,12;11.925.804,99
jun/24;26000 - Ministério da Educação;26271 - Fundação Universidade de Brasília;97.239.236,43;222.217.023,78;175.611.670,02;12.205.810,36
mar/24;26000 - Ministério da Educação;26271 - Fundação Universidade de Brasília;36.388.922,13;155.983.255,34;152.857.025,28;40.532.204,61
out/24;26000 - Ministério da Educação;26271 - Fundação Universidade de Brasília;14.865.075,26;191.022.951,66;196.095.312,30;5.227.648,76
jan/24;26000 - Ministério da Educação;26271 - Fundação Universidade de Brasília;1.920.474.392,35;152.313.009,12;31.382.078,55;172.781.284,51
fev/24;26000 - Ministério da Educação;26271 - Fundação Universidade de Brasília;10.553.253,02;150.479.479,96;135.042.024,89;48.713.430,67
jan/24;26000 - Ministério da Educação;26270 - Fundação Universidade do Amazonas;845.242.748,53;66.401.620,99;12.339.083,86;76.149.077,78
mai/24;26000 - Ministério da Educação;26270 - Fundação Universidade do Amazonas;38.098.386,10;92.472.024,34;77.395.737,22;3.541.532,58
mar/24;26000 - Ministério da Educação;26270 - Fundação Universidade do Amazonas;6.761.882,06;75.161.657,10;73.224.035,53;9.538.666,37
dez/24;26000 - Ministério da Educação;26270 - Fundação Universidade do Amazonas;22.967.672,51;97.599.555,16;109.972.221,76;1.197.211,55
ago/24;26000 - Ministério da Educação;26270 - Fundação Universidade do Amazonas;12.583.669,16;81.159.281,90;75.807.339,36;1.233.702,97
set/24;26000 - Ministério da Educação;26270 - Fundação Universidade do Amazonas;10.027.170,67;78.028.275,50;84.586.510,97;993.013,18
out/24;26000 - Ministério da Educação;26270 - Fundação Universidade do Amazonas;11.771.985,02;81.010.274,49;80.609.474,63;664.365,88
abr/24;26000 - Ministério da Educação;26270 - Fundação Universidade do Amazonas;41.699.499,54;76.169.584,12;79.164.542,24;8.656.662,90
jul/24;26000 - Ministério da Educação;26270 - Fundação Universidade do Amazonas;20.554.632,60;78.290.490,76;102.083.593,47;3.863.696,96
nov/24;26000 - Ministério da Educação;26270 - Fundação Universidade do Amazonas;26.059.109,08;120.028.169,81;89.736.066,32;1.308.150,22
jun/24;26000 - Ministério da Educação;26270 - Fundação Universidade do Amazonas;11.682.634,01;101.474.790,13;89.411.938,87;1.697.098,04
fev/24;26000 - Ministério da Educação;26270 - Fundação Universidade do Amazonas;9.236.160,29;72.099.151,98;63.693.761,96;15.366.415,55
mai/24;26000 - Ministério da Educação;26272 - Fundação Universidade do Maranhão;36.541.719,27;92.855.294,02;93.279.620,73;2.102.010,12
jun/24;26000 - Ministério da Educação;26272 - Fundação Universidade do Maranhão;26.716.761,29;112.896.526,64;91.493.981,99;1.876.768,66
abr/24;26000 - Ministério da Educação;26272 - Fundação Universidade do Maranhão;40.000.196,49;92.017.543,36;83.530.479,24;11.289.076,34
jul/24;26000 - Ministério da Educação;26272 - Fundação Universidade do Maranhão;41.326.900,63;89.544.122,37;113.310.126,85;1.529.786,36
mar/24;26000 - Ministério da Educação;26272 - Fundação Universidade do Maranhão;6.653.835,78;82.716.104,61;85.334.419,38;5.379.887,81
set/24;26000 - Ministério da Educação;26272 - Fundação Universidade do Maranhão;11.026.763,80;87.978.724,45;92.512.060,72;308.301,73
out/24;26000 - Ministério da Educação;26272 - Fundação Universidade do Maranhão;55.980.468,75;87.805.855,35;87.417.961,95;784.981,98
ago/24;26000 - Ministério da Educação;26272 - Fundação Universidade do Maranhão;8.894.118,80;100.334.230,96;93.189.121,25;709.452,36
fev/24;26000 - Ministério da Educação;26272 - Fundação Universidade do Maranhão;22.066.555,39;86.435.783,05;81.996.113,68;5.305.793,95
dez/24;26000 - Ministério da Educação;26272 - Fundação Universidade do Maranhão;58.797.918,16;105.008.005,07;124.427.698,17;253.079,25
nov/24;26000 - Ministério da Educação;26272 - Fundação Universidade do Maranhão;101.990.275,56;126.914.662,43;102.538.044,24;177.537,39
jan/24;26000 - Ministério da Educação;26272 - Fundação Universidade do Maranhão;787.768.840,38;80.193.644,31;17.033.444,38;77.764.078,12
jun/24;26000 - Ministério da Educação;26350 - Fundação Universidade Federal da Grande Dourados;470.436,21;34.495.666,71;26.428.754,32;1.667.091,10
mai/24;26000 - Ministério da Educação;26350 - Fundação Universidade Federal da Grande Dourados;4.784.463,71;25.978.199,28;23.885.479,33;2.365.898,28
ago/24;26000 - Ministério da Educação;26350 - Fundação Universidade Federal da Grande Dourados;10.077.207,25;27.814.891,73;27.054.196,13;1.149.466,29
nov/24;26000 - Ministério da Educação;26350 - Fundação Universidade Federal da Grande Dourados;3.749.938,68;41.800.098,64;33.189.821,91;5.507.103,43
mar/24;26000 - Ministério da Educação;26350 - Fundação Universidade Federal da Grande Dourados;1.624.450,91;23.563.876,59;23.682.555,56;5.493.842,36
fev/24;26000 - Ministério da Educação;26350 - Fundação Universidade Federal da Grande Dourados;7.206.216,94;23.627.219,49;21.037.792,28;6.712.673,90
abr/24;26000 - Ministério da Educação;26350 - Fundação Universidade Federal da Grande Dourados;5.751.792,87;23.762.623,11;23.681.751,21;2.956.171,67
dez/24;26000 - Ministério da Educação;26350 - Fundação Universidade Federal da Grande Dourados;16.377.969,75;33.238.226,53;36.128.124,01;1.940.645,10
jul/24;26000 - Ministério da Educação;26350 - Fundação Universidade Federal da Grande Dourados;6.960.188,09;28.730.634,81;35.722.862,34;2.401.408,75
jan/24;26000 - Ministério da Educação;26350 - Fundação Universidade Federal da Grande Dourados;305.562.347,57;23.766.182,07;5.064.967,41;26.807.504,97
out/24;26000 - Ministério da Educação;26350 - Fundação Universidade Federal da Grande Dourados;9.857.585,97;27.795.566,87;26.505.177,41;1.731.045,17
set/24;26000 - Ministério da Educação;26350 - Fundação Universidade Federal da Grande Dourados;3.018.289,43;27.525.687,84;28.641.616,51;1.992.879,99
jun/24;26000 - Ministério da Educação;26284 - Fundação Universidade Federal de Ciências da Saúde de Porto Alegre;1.717.776,29;20.329.297,22;17.424.886,23;271.072,11
fev/24;26000 - Ministério da Educação;26284 - Fundação Universidade Federal de Ciências da Saúde de Porto Alegre;8.631.343,35;14.502.425,68;13.280.938,26;3.619.703,87
nov/24;26000 - Ministério da Educação;26284 - Fundação Universidade Federal de Ciências da Saúde de Porto Alegre;1.153.448,26;23.468.452,57;20.033.205,96;340.870,77
out/24;26000 - Ministério da Educação;26284 - Fundação Universidade Federal de Ciências da Saúde de Porto Alegre;1.506.503,32;17.801.386,17;17.940.513,06;215.406,37
abr/24;26000 - Ministério da Educação;26284 - Fundação Universidade Federal de Ciências da Saúde de Porto Alegre;17.251.332,62;16.597.322,37;16.129.250,38;620.809,52
set/24;26000 - Ministério da Educação;26284 - Fundação Universidade Federal de Ciências da Saúde de Porto Alegre;2.841.965,81;17.164.852,65;16.968.240,25;650.179,53
jan/24;26000 - Ministério da Educação;26284 - Fundação Universidade Federal de Ciências da Saúde de Porto Alegre;148.268.069,31;14.593.365,50;2.266.510,83;15.683.401,83
mar/24;26000 - Ministério da Educação;26284 - Fundação Universidade Federal de Ciências da Saúde de Porto Alegre;1.029.473,53;15.146.641,85;14.846.126,60;1.185.940,42
ago/24;26000 - Ministério da Educação;26284 - Fundação Universidade Federal de Ciências da Saúde de Porto Alegre;7.036.992,67;17.215.845,40;17.025.542,63;641.393,78
dez/24;26000 - Ministério da Educação;26284 - Fundação Universidade Federal de Ciências da Saúde de Porto Alegre;13.888.083,54;20.065.328,17;21.402.960,62;132.615,92
mai/24;26000 - Ministério da Educação;26284 - Fundação Universidade Federal de Ciências da Saúde de Porto Alegre;18.836.801,73;18.022.642,15;16.507.256,86;1.011.811,61
jul/24;26000 - Ministério da Educação;26284 - Fundação Universidade Federal de Ciências da Saúde de Porto Alegre;4.078.608,33;16.550.683,52;20.503.686,41;61.462,07
ago/24;26000 - Ministério da Educação;26278 - Fundação Universidade Federal de Pelotas;15.837.373,39;78.178.280,02;79.421.287,73;410.033,78
jul/24;26000 - Ministério da Educação;26278 - Fundação Universidade Federal de Pelotas;42.848.901,57;79.012.919,21;97.494.790,67;544.990,77
jun/24;26000 - Ministério da Educação;26278 - Fundação Universidade Federal de Pelotas;27.870.483,29;97.411.097,78;82.836.548,91;505.221,91
nov/24;26000 - Ministério da Educação;26278 - Fundação Universidade Federal de Pelotas;40.876.100,22;113.297.733,67;91.071.362,91;166.117,20
set/24;26000 - Ministério da Educação;26278 - Fundação Universidade Federal de Pelotas;8.021.205,73;80.312.484,37;79.109.748,56;376.324,93
fev/24;26000 - Ministério da Educação;26278 - Fundação Universidade Federal de Pelotas;32.544.436,44;75.102.037,54;66.530.714,50;16.694.681,82
jan/24;26000 - Ministério da Educação;26278 - Fundação Universidade Federal de Pelotas;793.107.309,92;72.131.108,24;13.119.936,29;81.648.990,90
mar/24;26000 - Ministério da Educação;26278 - Fundação Universidade Federal de Pelotas;-10.625.234,55;76.595.044,56;75.553.113,39;2.285.847,19
out/24;26000 - Ministério da Educação;26278 - Fundação Universidade Federal de Pelotas;11.596.502,91;80.898.367,70;80.924.132,61;384.059,52
abr/24;26000 - Ministério da Educação;26278 - Fundação Universidade Federal de Pelotas;6.108.113,70;73.299.970,26;74.675.559,28;1.552.145,07
dez/24;26000 - Ministério da Educação;26278 - Fundação Universidade Federal de Pelotas;23.463.919,80;94.936.712,00;96.412.969,97;1.073.949,16
mai/24;26000 - Ministério da Educação;26278 - Fundação Universidade Federal de Pelotas;25.345.025,81;83.295.188,64;75.435.744,91;10.302.906,42
ago/24;26000 - Ministério da Educação;26268 - Fundação Universidade Federal de Rondônia;3.126.144,27;28.628.742,37;28.733.451,43;2.050.004,35
abr/24;26000 - Ministério da Educação;26268 - Fundação Universidade Federal de Rondônia;7.054.552,39;26.534.065,97;25.698.603,33;4.181.412,60
nov/24;26000 - Ministério da Educação;26268 - Fundação Universidade Federal de Rondônia;28.993.724,25;43.141.563,58;36.768.032,70;1.263.423,92
fev/24;26000 - Ministério da Educação;26268 - Fundação Universidade Federal de Rondônia;3.659.926,95;24.276.378,26;21.495.821,42;7.217.364,13
dez/24;26000 - Ministério da Educação;26268 - Fundação Universidade Federal de Rondônia;38.517.761,20;36.568.751,01;37.287.053,75;1.438.824,47
mai/24;26000 - Ministério da Educação;26268 - Fundação Universidade Federal de Rondônia;18.731.957,07;31.396.850,11;27.196.787,71;2.065.271,85
mar/24;26000 - Ministério da Educação;26268 - Fundação Universidade Federal de Rondônia;50.323.385,37;25.101.438,65;24.597.939,33;3.807.231,84
set/24;26000 - Ministério da Educação;26268 - Fundação Universidade Federal de Rondônia;49.879.293,68;28.781.363,82;28.293.032,11;953.176,39
jan/24;26000 - Ministério da Educação;26268 - Fundação Universidade Federal de Rondônia;75.831.811,79;24.381.138,81;5.121.393,90;28.853.607,93
out/24;26000 - Ministério da Educação;26268 - Fundação Universidade Federal de Rondônia;12.318.417,61;29.319.195,49;29.610.700,00;1.766.403,77
jul/24;26000 - Ministério da Educação;26268 - Fundação Universidade Federal de Rondônia;69.372.144,97;28.076.703,19;35.060.127,42;5.979.675,91
jun/24;26000 - Ministério da Educação;26268 - Fundação Universidade Federal de Rondônia;29.031.828,69;34.763.535,52;28.198.177,93;4.109.153,63
mar/24;26000 - Ministério da Educação;26281 - Fundação Universidade Federal de Sergipe;-26.581.414,69;75.042.716,69;76.016.204,44;3.212.283,27
mai/24;26000 - Ministério da Educação;26281 - Fundação Universidade Federal de Sergipe;27.949.898,45;85.344.036,53;78.164.689,33;22.482.448,28
set/24;26000 - Ministério da Educação;26281 - Fundação Universidade Federal de Sergipe;11.850.636,11;79.795.912,24;79.912.506,44;725.495,11
jan/24;26000 - Ministério da Educação;26281 - Fundação Universidade Federal de Sergipe;757.273.185,29;72.969.937,66;18.198.512,31;65.135.948,67
nov/24;26000 - Ministério da Educação;26281 - Fundação Universidade Federal de Sergipe;33.958.673,34;112.820.298,28;93.701.764,28;426.383,65
dez/24;26000 - Ministério da Educação;26281 - Fundação Universidade Federal de Sergipe;35.321.970,27;95.467.897,41;111.662.513,91;507.595,32
jul/24;26000 - Ministério da Educação;26281 - Fundação Universidade Federal de Sergipe;21.973.387,25;75.764.200,38;95.524.572,71;1.076.541,25
out/24;26000 - Ministério da Educação;26281 - Fundação Universidade Federal de Sergipe;13.127.568,75;83.468.327,63;78.926.793,69;954.100,78
fev/24;26000 - Ministério da Educação;26281 - Fundação Universidade Federal de Sergipe;96.284.285,87;74.045.972,47;64.680.815,56;12.972.591,96
abr/24;26000 - Ministério da Educação;26281 - Fundação Universidade Federal de Sergipe;30.552.450,38;78.839.037,07;79.164.457,54;3.243.975,45
jun/24;26000 - Ministério da Educação;26281 - Fundação Universidade Federal de Sergipe;13.879.172,56;96.678.406,08;83.371.170,75;2.161.050,63
ago/24;26000 - Ministério da Educação;26281 - Fundação Universidade Federal de Sergipe;19.139.144,33;78.964.551,00;77.068.142,87;1.038.211,11
jun/24;26000 - Ministério da Educação;26280 - Fundação Universidade Federal de São Carlos;79.252.771,26;84.393.490,17;63.509.379,28;1.345.247,37
out/24;26000 - Ministério da Educação;26280 - Fundação Universidade Federal de São Carlos;59.425.320,29;63.684.771,46;64.320.575,19;348.994,14
ago/24;26000 - Ministério da Educação;26280 - Fundação Universidade Federal de São Carlos;49.526.223,61;66.699.534,75;65.412.624,85;2.636.651,34
nov/24;26000 - Ministério da Educação;26280 - Fundação Universidade Federal de São Carlos;89.000.759,60;91.107.956,69;71.904.956,75;1.400.069,05
abr/24;26000 - Ministério da Educação;26280 - Fundação Universidade Federal de São Carlos;72.219.110,30;61.850.855,60;50.010.049,68;3.172.150,84
dez/24;26000 - Ministério da Educação;26280 - Fundação Universidade Federal de São Carlos;84.612.286,79;82.513.108,37;79.092.948,20;1.908.577,99
jan/24;26000 - Ministério da Educação;26280 - Fundação Universidade Federal de São Carlos;65.326.986,97;64.536.436,14;12.808.025,11;60.053.670,36
set/24;26000 - Ministério da Educação;26280 - Fundação Universidade Federal de São Carlos;64.524.012,74;61.827.272,00;63.170.413,71;1.743.657,61
fev/24;26000 - Ministério da Educação;26280 - Fundação Universidade Federal de São Carlos;62.827.386,46;61.804.962,46;56.961.950,84;10.623.205,63
mai/24;26000 - Ministério da Educação;26280 - Fundação Universidade Federal de São Carlos;68.014.471,86;62.473.668,41;70.736.442,31;2.916.178,22
mar/24;26000 - Ministério da Educação;26280 - Fundação Universidade Federal de São Carlos;58.630.043,06;56.992.475,20;61.588.055,65;2.904.899,18
jul/24;26000 - Ministério da Educação;26280 - Fundação Universidade Federal de São Carlos;77.807.566,44;64.780.948,43;85.417.692,75;2.435.564,77
mai/24;26000 - Ministério da Educação;26285 - Fundação Universidade Federal de São João Del-Rei;9.454.832,79;35.294.287,54;32.581.678,50;720.038,41
fev/24;26000 - Ministério da Educação;26285 - Fundação Universidade Federal de São João Del-Rei;5.659.956,00;30.634.748,42;28.143.254,94;5.241.920,24
nov/24;26000 - Ministério da Educação;26285 - Fundação Universidade Federal de São João Del-Rei;19.093.364,63;49.380.905,48;32.319.099,07;16.688,51
jul/24;26000 - Ministério da Educação;26285 - Fundação Universidade Federal de São João Del-Rei;6.847.289,95;34.702.864,45;43.583.613,61;1.671.378,17
set/24;26000 - Ministério da Educação;26285 - Fundação Universidade Federal de São João Del-Rei;3.584.395,36;32.582.315,71;32.622.269,01;59.071,56
dez/24;26000 - Ministério da Educação;26285 - Fundação Universidade Federal de São João Del-Rei;16.734.690,58;40.869.500,37;62.623.075,53;64.804,19
out/24;26000 - Ministério da Educação;26285 - Fundação Universidade Federal de São João Del-Rei;693.201,23;33.022.050,43;33.742.659,78;67.722,81
abr/24;26000 - Ministério da Educação;26285 - Fundação Universidade Federal de São João Del-Rei;32.170.298,99;32.674.603,85;32.403.159,37;632.288,34
ago/24;26000 - Ministério da Educação;26285 - Fundação Universidade Federal de São João Del-Rei;-1.065.537,54;32.459.162,04;33.048.259,10;146.965,86
mar/24;26000 - Ministério da Educação;26285 - Fundação Universidade Federal de São João Del-Rei;2.290.126,79;30.998.256,59;31.132.875,62;1.155.960,27
jan/24;26000 - Ministério da Educação;26285 - Fundação Universidade Federal de São João Del-Rei;330.647.644,58;32.529.563,79;2.856.325,12;33.286.595,39
jun/24;26000 - Ministério da Educação;26285 - Fundação Universidade Federal de São João Del-Rei;10.415.036,84;41.567.622,81;33.657.218,52;538.727,96
fev/24;26000 - Ministério da Educação;26274 - Fundação Universidade Federal de Uberlândia;23.098.448,51;124.264.386,06;111.469.698,58;25.993.319,46
jul/24;26000 - Ministério da Educação;26274 - Fundação Universidade Federal de Uberlândia;24.042.871,54;132.419.056,65;168.672.874,95;494.376,05
out/24;26000 - Ministério da Educação;26274 - Fundação Universidade Federal de Uberlândia;24.114.522,38;148.240.383,41;139.955.576,82;989.805,18
ago/24;26000 - Ministério da Educação;26274 - Fundação Universidade Federal de Uberlândia;40.001.311,29;133.430.901,56;131.879.936,54;973.223,65
jun/24;26000 - Ministério da Educação;26274 - Fundação Universidade Federal de Uberlândia;7.213.090,85;170.178.223,65;134.703.771,65;1.177.971,53
mar/24;26000 - Ministério da Educação;26274 - Fundação Universidade Federal de Uberlândia;-12.304.582,55;121.969.566,43;124.862.613,20;7.090.003,31
set/24;26000 - Ministério da Educação;26274 - Fundação Universidade Federal de Uberlândia;11.667.215,41;129.056.970,02;132.088.176,69;650.992,95
mai/24;26000 - Ministério da Educação;26274 - Fundação Universidade Federal de Uberlândia;38.743.422,46;134.699.485,38;136.277.246,44;1.708.404,74
abr/24;26000 - Ministério da Educação;26274 - Fundação Universidade Federal de Uberlândia;48.721.765,97;141.959.166,40;133.789.053,07;2.742.640,82
dez/24;26000 - Ministério da Educação;26274 - Fundação Universidade Federal de Uberlândia;13.241.861,58;157.007.568,15;164.650.554,26;1.002.225,75
nov/24;26000 - Ministério da Educação;26274 - Fundação Universidade Federal de Uberlândia;-14.451.559,14;186.895.364,97;155.995.033,22;163.162,03
jan/24;26000 - Ministério da Educação;26274 - Fundação Universidade Federal de Uberlândia;1.521.196.146,80;128.243.758,86;26.476.537,65;137.541.043,75
abr/24;26000 - Ministério da Educação;26352 - Fundação Universidade Federal do ABC;35.792.670,41;31.316.611,99;28.941.863,65;3.976.252,98
mar/24;26000 - Ministério da Educação;26352 - Fundação Universidade Federal do ABC;25.513.951,27;27.946.836,13;26.670.948,22;5.750.035,15
jul/24;26000 - Ministério da Educação;26352 - Fundação Universidade Federal do ABC;31.462.708,09;32.081.341,64;37.596.928,45;1.337.982,38
fev/24;26000 - Ministério da Educação;26352 - Fundação Universidade Federal do ABC;34.308.753,32;25.338.254,08;25.248.239,24;5.602.425,61
out/24;26000 - Ministério da Educação;26352 - Fundação Universidade Federal do ABC;27.780.238,99;31.893.661,90;31.157.600,00;1.118.163,38
nov/24;26000 - Ministério da Educação;26352 - Fundação Universidade Federal do ABC;52.317.275,59;47.550.936,86;39.712.787,12;1.376.250,29
ago/24;26000 - Ministério da Educação;26352 - Fundação Universidade Federal do ABC;28.305.011,31;32.286.688,90;31.998.275,99;1.214.731,79
jun/24;26000 - Ministério da Educação;26352 - Fundação Universidade Federal do ABC;38.567.962,68;37.344.600,63;31.016.690,52;607.540,16
set/24;26000 - Ministério da Educação;26352 - Fundação Universidade Federal do ABC;34.834.681,13;30.170.062,48;31.676.951,00;925.548,54
dez/24;26000 - Ministério da Educação;26352 - Fundação Universidade Federal do ABC;30.786.083,31;40.871.505,82;47.239.374,53;1.332.033,86
mai/24;26000 - Ministério da Educação;26352 - Fundação Universidade Federal do ABC;48.534.075,43;30.575.336,62;30.815.890,87;5.083.826,30
jan/24;26000 - Ministério da Educação;26352 - Fundação Universidade Federal do ABC;26.564.373,58;25.110.782,23;5.990.010,34;31.183.633,24
jun/24;26000 - Ministério da Educação;26275 - Fundação Universidade Federal do Acre;11.858.129,01;40.609.316,90;33.006.745,74;516.221,50
mar/24;26000 - Ministério da Educação;26275 - Fundação Universidade Federal do Acre;2.456.617,15;32.705.517,92;33.221.608,03;3.772.304,00
mai/24;26000 - Ministério da Educação;26275 - Fundação Universidade Federal do Acre;21.072.693,63;34.468.058,72;32.950.098,78;2.897.560,32
set/24;26000 - Ministério da Educação;26275 - Fundação Universidade Federal do Acre;4.796.120,45;35.025.123,71;34.697.408,03;2.113.233,69
jul/24;26000 - Ministério da Educação;26275 - Fundação Universidade Federal do Acre;7.252.500,63;34.119.398,06;39.242.822,40;507.076,03
ago/24;26000 - Ministério da Educação;26275 - Fundação Universidade Federal do Acre;1.277.142,44;34.899.732,29;33.716.039,75;408.028,20
jan/24;26000 - Ministério da Educação;26275 - Fundação Universidade Federal do Acre;374.578.745,93;30.420.911,03;6.214.106,37;33.020.840,03
abr/24;26000 - Ministério da Educação;26275 - Fundação Universidade Federal do Acre;16.647.497,23;32.819.934,88;33.212.551,14;1.919.669,41
nov/24;26000 - Ministério da Educação;26275 - Fundação Universidade Federal do Acre;-732.097,14;52.269.555,74;40.841.931,46;872.216,33
fev/24;26000 - Ministério da Educação;26275 - Fundação Universidade Federal do Acre;8.230.998,95;32.235.482,98;31.627.133,52;1.237.308,99
dez/24;26000 - Ministério da Educação;26275 - Fundação Universidade Federal do Acre;11.224.636,61;47.207.086,76;52.346.687,76;1.669.197,58
out/24;26000 - Ministério da Educação;26275 - Fundação Universidade Federal do Acre;3.369.088,43;36.362.819,46;35.541.289,35;926.519,06
jan/24;26000 - Ministério da Educação;26286 - Fundação Universidade Federal do Amapá;207.834.379,77;17.319.265,53;3.547.743,60;34.624.536,92
jul/24;26000 - Ministério da Educação;26286 - Fundação Universidade Federal do Amapá;6.531.241,70;21.006.281,30;25.345.690,79;1.829.512,49
jun/24;26000 - Ministério da Educação;26286 - Fundação Universidade Federal do Amapá;-191.132,16;23.984.520,26;20.095.778,83;4.936.394,21
ago/24;26000 - Ministério da Educação;26286 - Fundação Universidade Federal do Amapá;3.430.765,92;20.642.507,08;21.025.326,17;1.106.432,59
dez/24;26000 - Ministério da Educação;26286 - Fundação Universidade Federal do Amapá;45.781.061,43;26.022.758,10;31.253.388,38;3.439.935,80
mai/24;26000 - Ministério da Educação;26286 - Fundação Universidade Federal do Amapá;9.364.817,93;20.282.380,23;19.267.484,26;10.311.354,93
out/24;26000 - Ministério da Educação;26286 - Fundação Universidade Federal do Amapá;2.538.288,35;22.213.567,84;22.426.565,19;2.185.308,24
nov/24;26000 - Ministério da Educação;26286 - Fundação Universidade Federal do Amapá;8.278.148,99;44.151.186,77;38.030.616,74;1.829.815,79
set/24;26000 - Ministério da Educação;26286 - Fundação Universidade Federal do Amapá;18.055.994,44;20.534.295,00;20.171.525,81;2.055.140,33
abr/24;26000 - Ministério da Educação;26286 - Fundação Universidade Federal do Amapá;14.722.395,70;19.037.658,71;19.961.099,23;5.644.445,90
fev/24;26000 - Ministério da Educação;26286 - Fundação Universidade Federal do Amapá;5.381.702,58;18.117.734,53;17.738.532,54;2.855.471,06
mar/24;26000 - Ministério da Educação;26286 - Fundação Universidade Federal do Amapá;2.277.073,84;19.979.078,31;18.820.107,03;7.389.746,98
set/24;26000 - Ministério da Educação;26276 - Fundação Universidade Federal do Mato Grosso;4.706.890,19;72.718.730,35;96.267.223,76;711.387,47
out/24;26000 - Ministério da Educação;26276 - Fundação Universidade Federal do Mato Grosso;13.471.727,39;84.693.027,66;101.424.126,01;372.893,72
jan/24;26000 - Ministério da Educação;26276 - Fundação Universidade Federal do Mato Grosso;918.302.612,47;71.926.875,75;5.416.298,96;91.268.397,44
mar/24;26000 - Ministério da Educação;26276 - Fundação Universidade Federal do Mato Grosso;9.641.789,73;80.740.527,48;78.083.393,06;2.808.815,36
abr/24;26000 - Ministério da Educação;26276 - Fundação Universidade Federal do Mato Grosso;25.560.813,63;75.700.300,50;77.823.090,48;10.950.230,99
mai/24;26000 - Ministério da Educação;26276 - Fundação Universidade Federal do Mato Grosso;8.792.279,30;77.903.721,88;77.502.465,81;2.693.594,61
nov/24;26000 - Ministério da Educação;26276 - Fundação Universidade Federal do Mato Grosso;18.788.507,30;105.280.216,36;85.440.509,95;338.686,47
dez/24;26000 - Ministério da Educação;26276 - Fundação Universidade Federal do Mato Grosso;35.203.771,53;113.331.463,77;111.901.037,58;1.383.126,05
fev/24;26000 - Ministério da Educação;26276 - Fundação Universidade Federal do Mato Grosso;4.189.457,51;71.722.794,57;64.400.368,75;19.072.335,40
jun/24;26000 - Ministério da Educação;26276 - Fundação Universidade Federal do Mato Grosso;45.413.535,38;91.375.910,99;84.581.316,42;655.321,97
jul/24;26000 - Ministério da Educação;26276 - Fundação Universidade Federal do Mato Grosso;33.188.512,21;87.917.351,23;99.419.519,69;2.648.965,05
ago/24;26000 - Ministério da Educação;26276 - Fundação Universidade Federal do Mato Grosso;10.086.766,31;105.246.446,41;86.825.959,38;197.554,03
mar/24;26000 - Ministério da Educação;26283 - Fundação Universidade Federal do Mato Grosso do Sul;12.706.636,19;82.633.662,22;88.468.144,51;11.562.279,76
ago/24;26000 - Ministério da Educação;26283 - Fundação Universidade Federal do Mato Grosso do Sul;10.309.704,46;85.163.241,23;92.752.425,94;877.596,60
abr/24;26000 - Ministério da Educação;26283 - Fundação Universidade Federal do Mato Grosso do Sul;71.356.713,39;84.404.865,35;83.737.373,04;2.331.572,65
set/24;26000 - Ministério da Educação;26283 - Fundação Universidade Federal do Mato Grosso do Sul;12.481.474,07;88.378.503,32;88.528.050,21;938.714,88
fev/24;26000 - Ministério da Educação;26283 - Fundação Universidade Federal do Mato Grosso do Sul;11.602.901,87;78.936.543,50;72.763.296,82;13.974.402,62
jul/24;26000 - Ministério da Educação;26283 - Fundação Universidade Federal do Mato Grosso do Sul;9.582.893,37;86.533.746,31;103.544.642,98;874.904,05
mai/24;26000 - Ministério da Educação;26283 - Fundação Universidade Federal do Mato Grosso do Sul;23.599.152,21;90.853.975,00;85.376.669,48;2.518.608,87
out/24;26000 - Ministério da Educação;26283 - Fundação Universidade Federal do Mato Grosso do Sul;85.566.943,76;101.569.741,67;100.451.796,31;1.674.147,34
dez/24;26000 - Ministério da Educação;26283 - Fundação Universidade Federal do Mato Grosso do Sul;89.609.187,74;116.853.312,37;138.457.408,73;3.535.774,76
jan/24;26000 - Ministério da Educação;26283 - Fundação Universidade Federal do Mato Grosso do Sul;800.551.745,77;75.222.741,30;15.929.371,61;79.598.088,58
jun/24;26000 - Ministério da Educação;26283 - Fundação Universidade Federal do Mato Grosso do Sul;9.938.786,83;111.274.862,47;89.280.166,64;3.248.289,12
nov/24;26000 - Ministério da Educação;26283 - Fundação Universidade Federal do Mato Grosso do Sul;56.495.090,06;140.857.069,95;102.825.656,76;677.168,23
abr/24;26000 - Ministério da Educação;26266 - Fundação Universidade Federal do Pampa;10.142.186,85;31.944.821,46;31.774.065,68;1.221.725,59
nov/24;26000 - Ministério da Educação;26266 - Fundação Universidade Federal do Pampa;-2.019.827,03;49.801.738,31;42.517.746,29;133.162,86
mar/24;26000 - Ministério da Educação;26266 - Fundação Universidade Federal do Pampa;3.493.655,42;30.973.517,06;30.647.984,89;2.001.378,65
ago/24;26000 - Ministério da Educação;26266 - Fundação Universidade Federal do Pampa;1.736.689,10;34.160.246,74;34.075.270,74;427.910,70
mai/24;26000 - Ministério da Educação;26266 - Fundação Universidade Federal do Pampa;6.616.050,42;34.913.867,84;32.874.284,02;1.268.695,85
set/24;26000 - Ministério da Educação;26266 - Fundação Universidade Federal do Pampa;3.998.865,82;34.448.345,98;35.016.971,95;324.436,66
fev/24;26000 - Ministério da Educação;26266 - Fundação Universidade Federal do Pampa;5.193.975,69;29.981.206,20;27.446.717,32;2.941.928,36
jan/24;26000 - Ministério da Educação;26266 - Fundação Universidade Federal do Pampa;368.946.735,70;30.998.947,55;6.929.315,24;28.701.132,52
out/24;26000 - Ministério da Educação;26266 - Fundação Universidade Federal do Pampa;8.058.637,55;35.828.699,61;34.753.195,09;111.953,46
jun/24;26000 - Ministério da Educação;26266 - Fundação Universidade Federal do Pampa;6.887.992,07;40.454.523,15;33.382.543,74;1.012.330,34
jul/24;26000 - Ministério da Educação;26266 - Fundação Universidade Federal do Pampa;26.853.190,52;35.437.565,49;42.150.568,96;467.131,92
dez/24;26000 - Ministério da Educação;26266 - Fundação Universidade Federal do Pampa;6.060.058,66;44.197.978,85;42.677.051,63;277.370,20
mai/24;26000 - Ministério da Educação;26279 - Fundação Universidade Federal do Piauí;53.877.051,87;81.870.993,68;73.780.135,63;4.124.719,60
dez/24;26000 - Ministério da Educação;26279 - Fundação Universidade Federal do Piauí;74.112.140,83;112.285.397,59;112.355.786,72;666.360,36
fev/24;26000 - Ministério da Educação;26279 - Fundação Universidade Federal do Piauí;7.429.645,20;67.897.545,03;60.582.207,43;16.233.515,90
jan/24;26000 - Ministério da Educação;26279 - Fundação Universidade Federal do Piauí;184.211.673,10;63.144.181,57;10.923.328,37;78.949.478,07
mar/24;26000 - Ministério da Educação;26279 - Fundação Universidade Federal do Piauí;116.821.696,18;70.182.037,50;70.000.246,83;6.349.380,56
jul/24;26000 - Ministério da Educação;26279 - Fundação Universidade Federal do Piauí;95.521.682,52;73.426.354,39;93.906.584,53;2.666.278,37
nov/24;26000 - Ministério da Educação;26279 - Fundação Universidade Federal do Piauí;93.478.264,07;110.629.309,92;89.871.813,17;1.358.457,79
out/24;26000 - Ministério da Educação;26279 - Fundação Universidade Federal do Piauí;75.942.439,25;80.574.919,83;75.912.142,64;792.155,95
abr/24;26000 - Ministério da Educação;26279 - Fundação Universidade Federal do Piauí;100.857.319,51;71.201.214,41;69.858.073,80;6.266.465,85
set/24;26000 - Ministério da Educação;26279 - Fundação Universidade Federal do Piauí;56.020.625,36;73.407.842,02;74.692.380,23;1.109.191,36
jun/24;26000 - Ministério da Educação;26279 - Fundação Universidade Federal do Piauí;99.019.429,49;92.431.555,04;79.484.309,77;2.518.478,48
ago/24;26000 - Ministério da Educação;26279 - Fundação Universidade Federal do Piauí;53.338.927,22;74.480.846,90;72.314.800,90;2.139.910,92
nov/24;26000 - Ministério da Educação;26251 - Fundação Universidade Federal do Tocantins;-1.996.002,95;43.148.156,16;37.607.783,83;337.909,65
fev/24;26000 - Ministério da Educação;26251 - Fundação Universidade Federal do Tocantins;2.029.680,15;22.663.157,01;20.325.336,94;13.660.994,72
jan/24;26000 - Ministério da Educação;26251 - Fundação Universidade Federal do Tocantins;302.029.472,23;22.712.100,74;5.083.827,34;27.317.710,89
jun/24;26000 - Ministério da Educação;26251 - Fundação Universidade Federal do Tocantins;3.012.043,14;36.416.090,17;27.781.336,95;3.307.650,27
mai/24;26000 - Ministério da Educação;26251 - Fundação Universidade Federal do Tocantins;8.995.217,19;28.788.629,81;27.464.834,94;5.337.794,30
abr/24;26000 - Ministério da Educação;26251 - Fundação Universidade Federal do Tocantins;23.735.338,75;25.691.449,04;25.958.893,07;7.844.782,96
mar/24;26000 - Ministério da Educação;26251 - Fundação Universidade Federal do Tocantins;6.993.168,67;25.416.447,39;23.971.672,59;9.996.651,35
set/24;26000 - Ministério da Educação;26251 - Fundação Universidade Federal do Tocantins;9.424.995,86;29.191.894,47;28.661.219,76;395.200,30
out/24;26000 - Ministério da Educação;26251 - Fundação Universidade Federal do Tocantins;6.030.031,21;29.954.981,78;29.256.987,18;673.720,86
dez/24;26000 - Ministério da Educação;26251 - Fundação Universidade Federal do Tocantins;17.167.864,47;40.122.463,36;40.593.275,92;540.563,92
ago/24;26000 - Ministério da Educação;26251 - Fundação Universidade Federal do Tocantins;5.459.065,63;27.932.026,66;29.367.580,55;673.646,80
jul/24;26000 - Ministério da Educação;26251 - Fundação Universidade Federal do Tocantins;11.324.086,43;29.631.090,61;34.382.889,27;5.199.730,11
mar/24;26000 - Ministério da Educação;26230 - Fundação Universidade Federal do Vale do São Francisco;25.284.799,53;25.611.986,68;24.076.881,02;4.214.037,15
jan/24;26000 - Ministério da Educação;26230 - Fundação Universidade Federal do Vale do São Francisco;171.446.738,40;17.186.678,92;4.162.755,12;25.883.390,32
ago/24;26000 - Ministério da Educação;26230 - Fundação Universidade Federal do Vale do São Francisco;1.570.246,08;25.904.724,08;21.023.883,11;37.663,18
nov/24;26000 - Ministério da Educação;26230 - Fundação Universidade Federal do Vale do São Francisco;20.496.992,09;31.616.415,88;39.774.538,78;96.798,28
abr/24;26000 - Ministério da Educação;26230 - Fundação Universidade Federal do Vale do São Francisco;20.942.313,73;31.717.066,57;21.647.669,82;2.819.888,52
out/24;26000 - Ministério da Educação;26230 - Fundação Universidade Federal do Vale do São Francisco;34.320.370,10;33.732.094,88;21.511.894,81;991.443,18
dez/24;26000 - Ministério da Educação;26230 - Fundação Universidade Federal do Vale do São Francisco;18.886.808,52;35.853.424,76;35.859.285,04;453.542,24
set/24;26000 - Ministério da Educação;26230 - Fundação Universidade Federal do Vale do São Francisco;8.717.653,49;24.426.467,33;28.481.675,48;1.362.991,20
jun/24;26000 - Ministério da Educação;26230 - Fundação Universidade Federal do Vale do São Francisco;13.128.993,72;29.044.589,46;28.978.572,66;769.179,81
mai/24;26000 - Ministério da Educação;26230 - Fundação Universidade Federal do Vale do São Francisco;10.635.144,78;26.950.130,20;30.417.231,58;3.355.280,90
jul/24;26000 - Ministério da Educação;26230 - Fundação Universidade Federal do Vale do São Francisco;17.222.043,25;28.728.651,44;29.830.522,77;2.725.198,83
fev/24;26000 - Ministério da Educação;26230 - Fundação Universidade Federal do Vale do São Francisco;5.560.990,85;19.318.322,17;17.158.907,16;5.043.187,00
mar/24;26000 - Ministério da Educação;26298 - Fundo Nacional de Desenvolvimento da Educação;1.492.673.010,54;5.196.449.528,77;5.283.524.791,61;310.396.386,13
fev/24;26000 - Ministério da Educação;26298 - Fundo Nacional de Desenvolvimento da Educação;29.061.130.473,95;5.111.092.111,83;5.305.671.157,94;480.326.691,53
jan/24;26000 - Ministério da Educação;26298 - Fundo Nacional de Desenvolvimento da Educação;45.771.004.604,41;2.656.479.843,96;2.311.004.721,64;9.196.508.331,80
dez/24;26000 - Ministério da Educação;26298 - Fundo Nacional de Desenvolvimento da Educação;3.498.270.790,00;7.514.420.789,88;7.503.265.185,60;118.480.465,66
mai/24;26000 - Ministério da Educação;26298 - Fundo Nacional de Desenvolvimento da Educação;1.377.780.431,09;6.762.685.163,04;6.747.237.334,12;129.102.789,78
out/24;26000 - Ministério da Educação;26298 - Fundo Nacional de Desenvolvimento da Educação;369.247.364,79;6.593.853.537,01;6.548.263.069,20;85.480.949,26
jun/24;26000 - Ministério da Educação;26298 - Fundo Nacional de Desenvolvimento da Educação;3.634.258.718,50;8.441.877.290,28;8.421.908.664,44;152.582.007,13
abr/24;26000 - Ministério da Educação;26298 - Fundo Nacional de Desenvolvimento da Educação;2.541.897.702,98;7.112.326.410,78;7.154.640.216,85;96.075.398,68
set/24;26000 - Ministério da Educação;26298 - Fundo Nacional de Desenvolvimento da Educação;3.624.691.839,19;7.815.537.749,24;7.846.544.113,35;29.123.175,14
ago/24;26000 - Ministério da Educação;26298 - Fundo Nacional de Desenvolvimento da Educação;1.893.487.797,79;6.835.111.718,32;6.808.532.969,68;34.235.783,20
jul/24;26000 - Ministério da Educação;26298 - Fundo Nacional de Desenvolvimento da Educação;760.598.777,17;6.921.353.228,79;6.951.579.526,81;101.399.043,43
nov/24;26000 - Ministério da Educação;26298 - Fundo Nacional de Desenvolvimento da Educação;563.876.857,60;6.825.200.657,49;6.839.736.517,27;64.406.278,13
jul/24;26000 - Ministério da Educação;26294 - Hospital de Clínicas de Porto Alegre;204.804.284,58;170.973.045,36;170.927.121,41;893.361,01
ago/24;26000 - Ministério da Educação;26294 - Hospital de Clínicas de Porto Alegre;156.887.478,32;177.564.668,40;175.795.829,00;1.126.529,68
set/24;26000 - Ministério da Educação;26294 - Hospital de Clínicas de Porto Alegre;171.491.344,40;170.818.859,64;164.880.485,64;1.295.845,06
mar/24;26000 - Ministério da Educação;26294 - Hospital de Clínicas de Porto Alegre;166.872.279,09;156.896.224,49;145.278.856,72;12.518.624,04
nov/24;26000 - Ministério da Educação;26294 - Hospital de Clínicas de Porto Alegre;256.071.556,34;248.570.914,97;174.807.622,50;2.099.593,92
jan/24;26000 - Ministério da Educação;26294 - Hospital de Clínicas de Porto Alegre;155.467.587,14;142.053.966,97;16.660.932,46;174.235.108,65
abr/24;26000 - Ministério da Educação;26294 - Hospital de Clínicas de Porto Alegre;163.960.268,90;155.173.408,97;160.525.146,02;6.476.903,38
out/24;26000 - Ministério da Educação;26294 - Hospital de Clínicas de Porto Alegre;175.690.434,62;178.211.506,34;180.209.313,97;3.209.170,43
mai/24;26000 - Ministério da Educação;26294 - Hospital de Clínicas de Porto Alegre;175.480.893,13;172.523.506,60;160.106.425,04;2.275.882,21
dez/24;26000 - Ministério da Educação;26294 - Hospital de Clínicas de Porto Alegre;242.072.576,45;210.296.816,67;237.671.228,01;13.077.554,92
jun/24;26000 - Ministério da Educação;26294 - Hospital de Clínicas de Porto Alegre;163.309.224,31;166.890.088,02;159.962.587,42;1.880.478,35
fev/24;26000 - Ministério da Educação;26294 - Hospital de Clínicas de Porto Alegre;146.375.116,10;150.223.491,80;133.990.476,71;35.819.332,03
nov/24;26000 - Ministério da Educação;26404 - Instituto Federal de Educação, Ciência e Tecnologia Baiano;2.582.968,23;51.818.636,39;41.358.202,91;274.168,95
ago/24;26000 - Ministério da Educação;26404 - Instituto Federal de Educação, Ciência e Tecnologia Baiano;11.770.318,16;32.856.096,23;32.091.591,59;1.098.790,04
jan/24;26000 - Ministério da Educação;26404 - Instituto Federal de Educação, Ciência e Tecnologia Baiano;292.049.139,10;27.920.992,52;6.110.092,60;34.553.387,06
jul/24;26000 - Ministério da Educação;26404 - Instituto Federal de Educação, Ciência e Tecnologia Baiano;16.839.344,61;32.668.453,81;38.109.748,95;916.566,27
jun/24;26000 - Ministério da Educação;26404 - Instituto Federal de Educação, Ciência e Tecnologia Baiano;10.602.280,94;37.017.941,82;34.661.895,35;1.050.314,16
out/24;26000 - Ministério da Educação;26404 - Instituto Federal de Educação, Ciência e Tecnologia Baiano;80.028.587,75;35.817.651,86;35.968.482,40;552.005,45
fev/24;26000 - Ministério da Educação;26404 - Instituto Federal de Educação, Ciência e Tecnologia Baiano;3.197.739,54;28.555.608,48;28.469.856,26;3.743.450,58
dez/24;26000 - Ministério da Educação;26404 - Instituto Federal de Educação, Ciência e Tecnologia Baiano;15.910.494,64;45.444.048,25;46.927.351,22;903.236,08
mar/24;26000 - Ministério da Educação;26404 - Instituto Federal de Educação, Ciência e Tecnologia Baiano;3.978.465,45;29.768.782,28;29.311.909,90;3.530.212,98
set/24;26000 - Ministério da Educação;26404 - Instituto Federal de Educação, Ciência e Tecnologia Baiano;7.915.161,84;34.781.798,69;34.170.791,60;1.402.509,95
mai/24;26000 - Ministério da Educação;26404 - Instituto Federal de Educação, Ciência e Tecnologia Baiano;7.463.639,74;34.667.371,70;31.113.236,22;4.738.115,85
abr/24;26000 - Ministério da Educação;26404 - Instituto Federal de Educação, Ciência e Tecnologia Baiano;10.484.858,54;29.828.027,35;29.422.608,28;2.712.052,56
jan/24;26000 - Ministério da Educação;26422 - Instituto Federal de Educação, Ciência e Tecnologia Catarinense;409.828.930,35;31.923.399,33;6.842.533,22;41.319.324,03
mar/24;26000 - Ministério da Educação;26422 - Instituto Federal de Educação, Ciência e Tecnologia Catarinense;5.397.157,04;34.433.994,32;32.860.904,68;4.659.460,51
mai/24;26000 - Ministério da Educação;26422 - Instituto Federal de Educação, Ciência e Tecnologia Catarinense;12.052.134,50;37.405.868,08;31.818.733,61;1.697.501,41
set/24;26000 - Ministério da Educação;26422 - Instituto Federal de Educação, Ciência e Tecnologia Catarinense;7.899.411,06;37.605.395,17;38.119.496,51;719.298,78
out/24;26000 - Ministério da Educação;26422 - Instituto Federal de Educação, Ciência e Tecnologia Catarinense;3.864.762,08;38.713.938,19;39.537.996,43;566.956,78
abr/24;26000 - Ministério da Educação;26422 - Instituto Federal de Educação, Ciência e Tecnologia Catarinense;13.362.961,56;35.054.187,85;34.761.452,95;3.005.781,02
jul/24;26000 - Ministério da Educação;26422 - Instituto Federal de Educação, Ciência e Tecnologia Catarinense;11.175.205,24;38.446.574,21;51.767.003,06;1.472.585,75
fev/24;26000 - Ministério da Educação;26422 - Instituto Federal de Educação, Ciência e Tecnologia Catarinense;5.607.619,25;32.532.011,30;28.610.737,01;10.639.808,55
ago/24;26000 - Ministério da Educação;26422 - Instituto Federal de Educação, Ciência e Tecnologia Catarinense;2.922.632,18;38.766.581,79;38.803.107,31;1.975.332,00
dez/24;26000 - Ministério da Educação;26422 - Instituto Federal de Educação, Ciência e Tecnologia Catarinense;24.710.723,45;52.999.764,84;48.568.782,33;1.269.704,08
jun/24;26000 - Ministério da Educação;26422 - Instituto Federal de Educação, Ciência e Tecnologia Catarinense;4.598.649,24;45.417.717,54;37.943.848,57;1.434.854,78
nov/24;26000 - Ministério da Educação;26422 - Instituto Federal de Educação, Ciência e Tecnologia Catarinense;11.299.606,42;55.994.471,87;45.874.248,22;502.637,43
mar/24;26000 - Ministério da Educação;26427 - Instituto Federal de Educação, Ciência e Tecnologia da Bahia;6.959.047,98;55.880.929,75;48.257.268,76;7.494.813,72
fev/24;26000 - Ministério da Educação;26427 - Instituto Federal de Educação, Ciência e Tecnologia da Bahia;3.889.594,81;52.354.295,30;57.304.604,81;4.910.931,18
mai/24;26000 - Ministério da Educação;26427 - Instituto Federal de Educação, Ciência e Tecnologia da Bahia;29.781.204,39;72.689.007,61;59.772.675,22;9.633.135,11
jun/24;26000 - Ministério da Educação;26427 - Instituto Federal de Educação, Ciência e Tecnologia da Bahia;32.677.188,44;72.143.387,81;69.269.286,19;3.172.012,45
abr/24;26000 - Ministério da Educação;26427 - Instituto Federal de Educação, Ciência e Tecnologia da Bahia;35.131.030,69;56.454.301,58;55.087.434,26;3.776.231,99
set/24;26000 - Ministério da Educação;26427 - Instituto Federal de Educação, Ciência e Tecnologia da Bahia;3.791.274,87;61.926.850,56;61.798.622,13;793.377,73
out/24;26000 - Ministério da Educação;26427 - Instituto Federal de Educação, Ciência e Tecnologia da Bahia;8.363.478,78;62.386.069,66;62.530.697,31;1.133.591,27
dez/24;26000 - Ministério da Educação;26427 - Instituto Federal de Educação, Ciência e Tecnologia da Bahia;26.840.120,04;94.661.493,89;87.614.435,99;3.452.855,21
jul/24;26000 - Ministério da Educação;26427 - Instituto Federal de Educação, Ciência e Tecnologia da Bahia;22.513.824,44;59.856.132,61;72.755.080,19;5.040.078,45
ago/24;26000 - Ministério da Educação;26427 - Instituto Federal de Educação, Ciência e Tecnologia da Bahia;-9.209.625,88;63.372.704,83;62.117.525,32;6.722.651,14
nov/24;26000 - Ministério da Educação;26427 - Instituto Federal de Educação, Ciência e Tecnologia da Bahia;2.787.591,81;91.915.387,47;72.502.822,62;927.736,52
jan/24;26000 - Ministério da Educação;26427 - Instituto Federal de Educação, Ciência e Tecnologia da Bahia;660.006.163,93;50.551.207,79;10.721.504,37;59.229.656,03
out/24;26000 - Ministério da Educação;26417 - Instituto Federal de Educação, Ciência e Tecnologia da Paraíba;4.627.064,71;59.353.464,10;58.976.747,81;1.730.285,93
mar/24;26000 - Ministério da Educação;26417 - Instituto Federal de Educação, Ciência e Tecnologia da Paraíba;6.731.022,56;51.027.708,25;50.227.052,54;5.968.961,29
abr/24;26000 - Ministério da Educação;26417 - Instituto Federal de Educação, Ciência e Tecnologia da Paraíba;20.097.827,66;52.761.125,03;51.942.066,33;4.101.214,29
jun/24;26000 - Ministério da Educação;26417 - Instituto Federal de Educação, Ciência e Tecnologia da Paraíba;11.310.732,58;64.160.311,46;56.015.457,14;1.839.706,72
fev/24;26000 - Ministério da Educação;26417 - Instituto Federal de Educação, Ciência e Tecnologia da Paraíba;3.014.387,32;49.204.122,16;43.320.396,26;12.331.857,96
nov/24;26000 - Ministério da Educação;26417 - Instituto Federal de Educação, Ciência e Tecnologia da Paraíba;45.676.620,15;88.681.276,46;69.986.939,00;1.373.252,40
jul/24;26000 - Ministério da Educação;26417 - Instituto Federal de Educação, Ciência e Tecnologia da Paraíba;26.636.656,23;55.894.128,34;65.128.376,08;1.439.973,94
mai/24;26000 - Ministério da Educação;26417 - Instituto Federal de Educação, Ciência e Tecnologia da Paraíba;13.877.172,65;57.255.861,73;54.270.655,63;2.593.647,61
dez/24;26000 - Ministério da Educação;26417 - Instituto Federal de Educação, Ciência e Tecnologia da Paraíba;43.231.315,81;83.427.259,10;76.356.988,90;2.287.228,89
ago/24;26000 - Ministério da Educação;26417 - Instituto Federal de Educação, Ciência e Tecnologia da Paraíba;15.487.789,15;58.770.121,09;57.667.195,34;1.637.479,34
set/24;26000 - Ministério da Educação;26417 - Instituto Federal de Educação, Ciência e Tecnologia da Paraíba;115.749.114,46;58.372.483,36;57.134.158,06;2.342.318,38
jan/24;26000 - Ministério da Educação;26417 - Instituto Federal de Educação, Ciência e Tecnologia da Paraíba;465.484.205,03;49.091.699,38;10.141.524,01;68.812.503,50
abr/24;26000 - Ministério da Educação;26402 - Instituto Federal de Educação, Ciência e Tecnologia de Alagoas;15.970.144,91;35.503.099,86;33.358.681,57;3.280.290,16
out/24;26000 - Ministério da Educação;26402 - Instituto Federal de Educação, Ciência e Tecnologia de Alagoas;8.397.123,07;39.437.068,48;38.059.585,07;580.164,23
jun/24;26000 - Ministério da Educação;26402 - Instituto Federal de Educação, Ciência e Tecnologia de Alagoas;6.718.951,47;40.115.486,80;37.612.884,68;1.991.293,95
jan/24;26000 - Ministério da Educação;26402 - Instituto Federal de Educação, Ciência e Tecnologia de Alagoas;397.249.706,22;33.243.394,56;9.736.718,95;42.733.230,12
nov/24;26000 - Ministério da Educação;26402 - Instituto Federal de Educação, Ciência e Tecnologia de Alagoas;-3.223.496,98;55.767.612,86;45.910.942,25;914.896,25
fev/24;26000 - Ministério da Educação;26402 - Instituto Federal de Educação, Ciência e Tecnologia de Alagoas;4.131.514,27;32.921.301,65;32.448.502,12;4.579.144,04
dez/24;26000 - Ministério da Educação;26402 - Instituto Federal de Educação, Ciência e Tecnologia de Alagoas;14.801.891,20;57.861.243,64;56.659.048,15;1.534.321,47
mar/24;26000 - Ministério da Educação;26402 - Instituto Federal de Educação, Ciência e Tecnologia de Alagoas;6.344.750,84;34.889.496,65;34.048.335,09;6.814.590,26
mai/24;26000 - Ministério da Educação;26402 - Instituto Federal de Educação, Ciência e Tecnologia de Alagoas;21.536.222,60;38.249.822,31;36.499.517,92;5.375.776,12
ago/24;26000 - Ministério da Educação;26402 - Instituto Federal de Educação, Ciência e Tecnologia de Alagoas;25.886.768,07;38.393.615,87;44.031.829,20;979.582,96
set/24;26000 - Ministério da Educação;26402 - Instituto Federal de Educação, Ciência e Tecnologia de Alagoas;10.884.453,95;38.555.374,18;38.331.483,87;760.062,23
jul/24;26000 - Ministério da Educação;26402 - Instituto Federal de Educação, Ciência e Tecnologia de Alagoas;10.650.547,64;36.963.438,77;34.420.374,58;1.798.996,92
nov/24;26000 - Ministério da Educação;26428 - Instituto Federal de Educação, Ciência e Tecnologia de Brasília;553.617,37;37.853.606,91;33.226.100,82;435.095,51
fev/24;26000 - Ministério da Educação;26428 - Instituto Federal de Educação, Ciência e Tecnologia de Brasília;134.639.291,22;21.690.790,13;21.581.623,86;6.079.822,96
jan/24;26000 - Ministério da Educação;26428 - Instituto Federal de Educação, Ciência e Tecnologia de Brasília;23.352.786,52;20.754.807,14;7.117.056,36;22.424.398,10
dez/24;26000 - Ministério da Educação;26428 - Instituto Federal de Educação, Ciência e Tecnologia de Brasília;17.499.177,00;33.113.766,49;36.986.719,46;4.111.031,22
mai/24;26000 - Ministério da Educação;26428 - Instituto Federal de Educação, Ciência e Tecnologia de Brasília;11.075.750,76;25.294.640,50;24.478.102,07;2.078.849,51
mar/24;26000 - Ministério da Educação;26428 - Instituto Federal de Educação, Ciência e Tecnologia de Brasília;2.992.945,59;22.462.794,51;22.479.485,33;4.484.212,40
abr/24;26000 - Ministério da Educação;26428 - Instituto Federal de Educação, Ciência e Tecnologia de Brasília;23.030.245,90;23.897.232,59;22.681.022,48;3.014.218,21
ago/24;26000 - Ministério da Educação;26428 - Instituto Federal de Educação, Ciência e Tecnologia de Brasília;116.824.154,13;25.543.638,47;25.498.526,03;1.547.093,14
set/24;26000 - Ministério da Educação;26428 - Instituto Federal de Educação, Ciência e Tecnologia de Brasília;2.203.427,64;25.346.352,76;25.597.682,26;798.390,99
jun/24;26000 - Ministério da Educação;26428 - Instituto Federal de Educação, Ciência e Tecnologia de Brasília;3.313.477,30;31.522.634,52;26.584.255,63;1.848.586,26
out/24;26000 - Ministério da Educação;26428 - Instituto Federal de Educação, Ciência e Tecnologia de Brasília;1.620.164,27;26.152.700,60;26.784.727,20;1.041.135,57
jul/24;26000 - Ministério da Educação;26428 - Instituto Federal de Educação, Ciência e Tecnologia de Brasília;14.662.265,12;26.913.639,54;31.246.738,33;6.402.447,05
fev/24;26000 - Ministério da Educação;26429 - Instituto Federal de Educação, Ciência e Tecnologia de Goiás;2.110.392,40;40.256.592,34;35.225.166,00;8.932.239,24
out/24;26000 - Ministério da Educação;26429 - Instituto Federal de Educação, Ciência e Tecnologia de Goiás;1.981.150,94;47.585.035,46;53.250.168,59;1.162.291,10
mar/24;26000 - Ministério da Educação;26429 - Instituto Federal de Educação, Ciência e Tecnologia de Goiás;3.610.247,88;42.541.972,27;40.594.076,81;7.371.516,62
jul/24;26000 - Ministério da Educação;26429 - Instituto Federal de Educação, Ciência e Tecnologia de Goiás;536.377,85;46.560.096,67;56.840.924,09;1.856.916,08
abr/24;26000 - Ministério da Educação;26429 - Instituto Federal de Educação, Ciência e Tecnologia de Goiás;20.901.643,14;42.658.848,46;41.863.798,62;2.795.664,86
nov/24;26000 - Ministério da Educação;26429 - Instituto Federal de Educação, Ciência e Tecnologia de Goiás;7.292.412,10;73.393.142,24;53.561.099,27;1.013.922,61
dez/24;26000 - Ministério da Educação;26429 - Instituto Federal de Educação, Ciência e Tecnologia de Goiás;25.007.888,01;68.656.066,31;69.667.187,19;1.262.673,27
mai/24;26000 - Ministério da Educação;26429 - Instituto Federal de Educação, Ciência e Tecnologia de Goiás;32.060.137,62;47.600.987,24;50.402.182,25;3.667.034,83
jun/24;26000 - Ministério da Educação;26429 - Instituto Federal de Educação, Ciência e Tecnologia de Goiás;10.608.153,95;54.778.911,94;44.124.072,76;2.370.151,81
set/24;26000 - Ministério da Educação;26429 - Instituto Federal de Educação, Ciência e Tecnologia de Goiás;8.746.692,05;48.408.907,17;47.086.839,51;2.240.420,80
ago/24;26000 - Ministério da Educação;26429 - Instituto Federal de Educação, Ciência e Tecnologia de Goiás;15.581.181,27;51.191.206,47;46.721.426,99;1.737.258,80
jan/24;26000 - Ministério da Educação;26429 - Instituto Federal de Educação, Ciência e Tecnologia de Goiás;512.023.136,90;40.154.150,37;8.604.470,54;58.451.533,45
fev/24;26000 - Ministério da Educação;26409 - Instituto Federal de Educação, Ciência e Tecnologia de Minas Gerais;10.307.059,18;36.667.354,29;36.855.755,97;4.986.975,67
jun/24;26000 - Ministério da Educação;26409 - Instituto Federal de Educação, Ciência e Tecnologia de Minas Gerais;23.321.323,16;49.049.688,64;42.795.888,04;2.049.621,26
abr/24;26000 - Ministério da Educação;26409 - Instituto Federal de Educação, Ciência e Tecnologia de Minas Gerais;13.787.693,35;38.985.402,92;38.687.217,11;4.270.767,72
mai/24;26000 - Ministério da Educação;26409 - Instituto Federal de Educação, Ciência e Tecnologia de Minas Gerais;9.120.114,98;42.821.524,70;39.190.996,46;3.503.554,32
ago/24;26000 - Ministério da Educação;26409 - Instituto Federal de Educação, Ciência e Tecnologia de Minas Gerais;982.028,58;42.476.054,09;41.231.376,35;1.665.579,30
jul/24;26000 - Ministério da Educação;26409 - Instituto Federal de Educação, Ciência e Tecnologia de Minas Gerais;8.755.054,09;41.000.427,74;49.194.181,53;2.306.094,51
dez/24;26000 - Ministério da Educação;26409 - Instituto Federal de Educação, Ciência e Tecnologia de Minas Gerais;8.949.350,10;55.955.661,64;59.165.998,05;1.165.553,53
mar/24;26000 - Ministério da Educação;26409 - Instituto Federal de Educação, Ciência e Tecnologia de Minas Gerais;627.517,59;37.316.364,82;37.039.731,40;5.033.897,97
set/24;26000 - Ministério da Educação;26409 - Instituto Federal de Educação, Ciência e Tecnologia de Minas Gerais;2.511.305,66;42.618.932,57;42.908.896,90;1.736.035,09
nov/24;26000 - Ministério da Educação;26409 - Instituto Federal de Educação, Ciência e Tecnologia de Minas Gerais;4.947.570,73;63.844.243,81;49.710.198,93;930.048,33
out/24;26000 - Ministério da Educação;26409 - Instituto Federal de Educação, Ciência e Tecnologia de Minas Gerais;14.695.415,50;43.237.767,84;43.539.982,13;910.812,20
jan/24;26000 - Ministério da Educação;26409 - Instituto Federal de Educação, Ciência e Tecnologia de Minas Gerais;466.845.136,24;36.325.880,44;7.534.535,42;45.536.325,85
fev/24;26000 - Ministério da Educação;26418 - Instituto Federal de Educação, Ciência e Tecnologia de Pernambuco;5.628.205,02;48.260.310,38;48.134.966,13;4.518.207,75
jul/24;26000 - Ministério da Educação;26418 - Instituto Federal de Educação, Ciência e Tecnologia de Pernambuco;6.801.820,10;53.897.330,32;66.198.107,10;1.421.244,03
mai/24;26000 - Ministério da Educação;26418 - Instituto Federal de Educação, Ciência e Tecnologia de Pernambuco;116.052.923,10;56.078.164,49;52.824.245,33;2.163.143,37
jan/24;26000 - Ministério da Educação;26418 - Instituto Federal de Educação, Ciência e Tecnologia de Pernambuco;196.956.221,08;47.364.131,37;9.345.749,90;61.869.306,23
out/24;26000 - Ministério da Educação;26418 - Instituto Federal de Educação, Ciência e Tecnologia de Pernambuco;26.616.725,53;54.309.238,38;54.917.187,17;984.856,25
nov/24;26000 - Ministério da Educação;26418 - Instituto Federal de Educação, Ciência e Tecnologia de Pernambuco;75.217.346,15;79.553.479,66;62.936.335,17;1.263.818,52
dez/24;26000 - Ministério da Educação;26418 - Instituto Federal de Educação, Ciência e Tecnologia de Pernambuco;25.447.162,71;75.783.994,71;74.419.487,15;600.493,60
abr/24;26000 - Ministério da Educação;26418 - Instituto Federal de Educação, Ciência e Tecnologia de Pernambuco;121.440.962,37;52.694.504,30;52.023.992,16;2.647.573,97
jun/24;26000 - Ministério da Educação;26418 - Instituto Federal de Educação, Ciência e Tecnologia de Pernambuco;23.516.239,14;65.193.446,58;55.457.426,47;2.419.092,27
mar/24;26000 - Ministério da Educação;26418 - Instituto Federal de Educação, Ciência e Tecnologia de Pernambuco;6.578.250,83;51.566.929,34;51.086.124,75;5.191.943,64
set/24;26000 - Ministério da Educação;26418 - Instituto Federal de Educação, Ciência e Tecnologia de Pernambuco;49.866.191,12;53.923.922,92;53.443.669,23;1.217.791,75
ago/24;26000 - Ministério da Educação;26418 - Instituto Federal de Educação, Ciência e Tecnologia de Pernambuco;69.783.088,74;55.151.679,82;54.432.060,32;1.106.825,45
dez/24;26000 - Ministério da Educação;26421 - Instituto Federal de Educação, Ciência e Tecnologia de Rondônia;44.819.218,70;35.180.943,26;42.097.604,80;1.635.445,57
mar/24;26000 - Ministério da Educação;26421 - Instituto Federal de Educação, Ciência e Tecnologia de Rondônia;1.656.924,11;20.681.057,05;20.236.616,94;4.807.509,82
out/24;26000 - Ministério da Educação;26421 - Instituto Federal de Educação, Ciência e Tecnologia de Rondônia;1.723.022,43;26.344.980,80;24.794.811,31;797.701,45
nov/24;26000 - Ministério da Educação;26421 - Instituto Federal de Educação, Ciência e Tecnologia de Rondônia;-486.391,25;35.130.121,12;29.228.373,92;273.339,72
jun/24;26000 - Ministério da Educação;26421 - Instituto Federal de Educação, Ciência e Tecnologia de Rondônia;14.629.319,02;35.179.850,89;25.616.123,36;2.046.572,58
jul/24;26000 - Ministério da Educação;26421 - Instituto Federal de Educação, Ciência e Tecnologia de Rondônia;21.594.947,65;24.128.858,59;37.060.332,04;1.326.907,69
mai/24;26000 - Ministério da Educação;26421 - Instituto Federal de Educação, Ciência e Tecnologia de Rondônia;14.570.953,13;24.194.836,00;22.010.539,08;2.358.507,10
set/24;26000 - Ministério da Educação;26421 - Instituto Federal de Educação, Ciência e Tecnologia de Rondônia;896.436,36;26.513.802,61;23.196.474,25;887.605,95
abr/24;26000 - Ministério da Educação;26421 - Instituto Federal de Educação, Ciência e Tecnologia de Rondônia;24.994.074,57;28.706.722,88;21.432.695,48;8.203.119,36
ago/24;26000 - Ministério da Educação;26421 - Instituto Federal de Educação, Ciência e Tecnologia de Rondônia;2.127.834,91;27.103.601,96;25.107.180,18;1.316.440,78
jan/24;26000 - Ministério da Educação;26421 - Instituto Federal de Educação, Ciência e Tecnologia de Rondônia;234.373.846,75;18.456.194,70;4.106.418,95;39.363.581,35
fev/24;26000 - Ministério da Educação;26421 - Instituto Federal de Educação, Ciência e Tecnologia de Rondônia;6.762.416,44;19.199.124,81;17.084.160,58;6.681.924,15
jan/24;26000 - Ministério da Educação;26437 - Instituto Federal de Educação, Ciência e Tecnologia de Roraima;24.057.478,94;11.353.810,69;2.249.299,91;14.704.725,00
jun/24;26000 - Ministério da Educação;26437 - Instituto Federal de Educação, Ciência e Tecnologia de Roraima;29.732.956,65;18.145.130,29;14.908.861,09;657.078,81
ago/24;26000 - Ministério da Educação;26437 - Instituto Federal de Educação, Ciência e Tecnologia de Roraima;16.403.327,34;15.035.769,96;15.380.105,27;51.053,49
out/24;26000 - Ministério da Educação;26437 - Instituto Federal de Educação, Ciência e Tecnologia de Roraima;20.882.937,73;32.816.996,15;20.028.777,17;668.603,46
abr/24;26000 - Ministério da Educação;26437 - Instituto Federal de Educação, Ciência e Tecnologia de Roraima;6.505.241,47;12.796.413,47;12.835.135,09;1.955.436,94
jul/24;26000 - Ministério da Educação;26437 - Instituto Federal de Educação, Ciência e Tecnologia de Roraima;16.839.257,10;27.994.733,91;16.787.882,38;420.737,47
dez/24;26000 - Ministério da Educação;26437 - Instituto Federal de Educação, Ciência e Tecnologia de Roraima;3.194.243,39;16.153.690,72;16.843.559,65;3.953.629,93
mar/24;26000 - Ministério da Educação;26437 - Instituto Federal de Educação, Ciência e Tecnologia de Roraima;6.400.798,04;12.166.111,01;11.730.357,90;2.101.794,60
set/24;26000 - Ministério da Educação;26437 - Instituto Federal de Educação, Ciência e Tecnologia de Roraima;13.215.386,13;-995.572,19;13.468.494,56;472.867,10
nov/24;26000 - Ministério da Educação;26437 - Instituto Federal de Educação, Ciência e Tecnologia de Roraima;16.708.140,36;19.760.996,47;27.289.469,14;504.450,09
mai/24;26000 - Ministério da Educação;26437 - Instituto Federal de Educação, Ciência e Tecnologia de Roraima;8.491.520,78;12.950.840,81;12.171.878,24;2.106.455,50
fev/24;26000 - Ministério da Educação;26437 - Instituto Federal de Educação, Ciência e Tecnologia de Roraima;36.519.180,88;11.489.387,76;11.409.179,56;3.401.742,43
jan/24;26000 - Ministério da Educação;26438 - Instituto Federal de Educação, Ciência e Tecnologia de Santa Catarina;165.077.360,64;51.029.617,76;10.349.555,07;73.499.610,18
mar/24;26000 - Ministério da Educação;26438 - Instituto Federal de Educação, Ciência e Tecnologia de Santa Catarina;264.625.854,96;54.781.557,07;52.719.725,20;5.470.930,22
nov/24;26000 - Ministério da Educação;26438 - Instituto Federal de Educação, Ciência e Tecnologia de Santa Catarina;6.693.233,29;89.683.413,40;71.070.366,08;381.645,45
fev/24;26000 - Ministério da Educação;26438 - Instituto Federal de Educação, Ciência e Tecnologia de Santa Catarina;9.218.542,66;50.452.837,09;44.269.242,99;15.716.286,20
abr/24;26000 - Ministério da Educação;26438 - Instituto Federal de Educação, Ciência e Tecnologia de Santa Catarina;16.587.433,57;55.797.785,71;54.891.624,11;8.177.852,45
ago/24;26000 - Ministério da Educação;26438 - Instituto Federal de Educação, Ciência e Tecnologia de Santa Catarina;80.707.811,70;58.467.599,03;57.985.494,69;870.854,60
jun/24;26000 - Ministério da Educação;26438 - Instituto Federal de Educação, Ciência e Tecnologia de Santa Catarina;12.289.493,86;70.152.192,87;59.794.482,52;2.687.266,74
jul/24;26000 - Ministério da Educação;26438 - Instituto Federal de Educação, Ciência e Tecnologia de Santa Catarina;179.295.475,09;57.753.151,47;70.058.137,96;1.898.066,23
out/24;26000 - Ministério da Educação;26438 - Instituto Federal de Educação, Ciência e Tecnologia de Santa Catarina;5.340.300,25;60.717.014,31;60.142.123,76;1.230.654,83
dez/24;26000 - Ministério da Educação;26438 - Instituto Federal de Educação, Ciência e Tecnologia de Santa Catarina;34.178.012,58;85.105.148,56;73.912.460,67;1.249.935,38
mai/24;26000 - Ministério da Educação;26438 - Instituto Federal de Educação, Ciência e Tecnologia de Santa Catarina;10.812.191,31;59.562.058,62;56.770.849,55;1.950.621,43
set/24;26000 - Ministério da Educação;26438 - Instituto Federal de Educação, Ciência e Tecnologia de Santa Catarina;5.599.521,10;61.568.487,83;60.668.322,56;1.270.088,04
set/24;26000 - Ministério da Educação;26423 - Instituto Federal de Educação, Ciência e Tecnologia de Sergipe;3.232.296,86;27.966.845,60;26.921.472,93;647.483,79
mai/24;26000 - Ministério da Educação;26423 - Instituto Federal de Educação, Ciência e Tecnologia de Sergipe;6.559.307,01;26.817.332,52;26.300.657,36;869.845,76
out/24;26000 - Ministério da Educação;26423 - Instituto Federal de Educação, Ciência e Tecnologia de Sergipe;4.172.487,37;27.046.179,59;27.335.937,90;610.251,78
dez/24;26000 - Ministério da Educação;26423 - Instituto Federal de Educação, Ciência e Tecnologia de Sergipe;12.209.854,75;36.775.124,18;34.795.104,51;754.181,05
mar/24;26000 - Ministério da Educação;26423 - Instituto Federal de Educação, Ciência e Tecnologia de Sergipe;24.454.948,07;25.798.904,35;25.536.270,51;1.049.865,50
nov/24;26000 - Ministério da Educação;26423 - Instituto Federal de Educação, Ciência e Tecnologia de Sergipe;17.975.188,66;40.920.147,75;32.287.046,55;510.720,74
jun/24;26000 - Ministério da Educação;26423 - Instituto Federal de Educação, Ciência e Tecnologia de Sergipe;9.978.922,09;31.576.509,40;26.494.659,54;334.878,97
fev/24;26000 - Ministério da Educação;26423 - Instituto Federal de Educação, Ciência e Tecnologia de Sergipe;28.016.235,74;24.846.389,16;21.925.960,18;3.999.458,98
ago/24;26000 - Ministério da Educação;26423 - Instituto Federal de Educação, Ciência e Tecnologia de Sergipe;-1.331.228,43;26.686.168,72;26.620.623,11;709.480,39
jan/24;26000 - Ministério da Educação;26423 - Instituto Federal de Educação, Ciência e Tecnologia de Sergipe;26.776.327,39;24.176.859,76;4.697.897,97;35.788.135,75
jul/24;26000 - Ministério da Educação;26423 - Instituto Federal de Educação, Ciência e Tecnologia de Sergipe;1.450.798,70;26.488.176,83;32.197.597,40;553.570,08
abr/24;26000 - Ministério da Educação;26423 - Instituto Federal de Educação, Ciência e Tecnologia de Sergipe;225.826.690,74;26.258.884,97;25.930.359,64;1.416.629,06
jun/24;26000 - Ministério da Educação;26439 - Instituto Federal de Educação, Ciência e Tecnologia de São Paulo;77.232.754,23;122.099.298,10;99.354.765,27;5.611.781,02
fev/24;26000 - Ministério da Educação;26439 - Instituto Federal de Educação, Ciência e Tecnologia de São Paulo;8.440.293,41;82.024.681,71;82.986.531,68;9.729.808,14
jul/24;26000 - Ministério da Educação;26439 - Instituto Federal de Educação, Ciência e Tecnologia de São Paulo;11.893.370,95;95.898.944,67;121.540.345,71;3.763.969,33
ago/24;26000 - Ministério da Educação;26439 - Instituto Federal de Educação, Ciência e Tecnologia de São Paulo;9.407.871,96;102.147.220,78;100.463.854,67;1.432.656,81
out/24;26000 - Ministério da Educação;26439 - Instituto Federal de Educação, Ciência e Tecnologia de São Paulo;50.093.788,27;109.262.031,68;105.700.957,16;2.175.844,60
dez/24;26000 - Ministério da Educação;26439 - Instituto Federal de Educação, Ciência e Tecnologia de São Paulo;35.669.731,67;140.458.710,53;138.875.874,86;3.819.600,92
mar/24;26000 - Ministério da Educação;26439 - Instituto Federal de Educação, Ciência e Tecnologia de São Paulo;14.339.960,29;87.419.018,44;84.399.173,40;13.720.516,14
abr/24;26000 - Ministério da Educação;26439 - Instituto Federal de Educação, Ciência e Tecnologia de São Paulo;49.855.079,76;89.469.348,83;88.547.977,64;16.072.502,23
set/24;26000 - Ministério da Educação;26439 - Instituto Federal de Educação, Ciência e Tecnologia de São Paulo;6.960.333,37;107.589.843,56;104.721.746,92;4.094.755,91
mai/24;26000 - Ministério da Educação;26439 - Instituto Federal de Educação, Ciência e Tecnologia de São Paulo;23.588.966,89;100.268.552,79;93.438.717,28;8.913.836,91
nov/24;26000 - Ministério da Educação;26439 - Instituto Federal de Educação, Ciência e Tecnologia de São Paulo;20.272.874,80;152.735.569,17;124.325.406,68;2.662.293,82
jan/24;26000 - Ministério da Educação;26439 - Instituto Federal de Educação, Ciência e Tecnologia de São Paulo;1.068.888.352,99;81.740.798,54;16.271.354,80;98.899.547,34
dez/24;26000 - Ministério da Educação;26425 - Instituto Federal de Educação, Ciência e Tecnologia do Acre;6.077.958,52;14.833.414,22;15.974.802,09;1.623.422,69
nov/24;26000 - Ministério da Educação;26425 - Instituto Federal de Educação, Ciência e Tecnologia do Acre;4.387.478,42;19.394.084,19;15.404.764,91;339.183,90
out/24;26000 - Ministério da Educação;26425 - Instituto Federal de Educação, Ciência e Tecnologia do Acre;3.644.934,35;13.252.275,22;13.043.017,52;530.871,37
ago/24;26000 - Ministério da Educação;26425 - Instituto Federal de Educação, Ciência e Tecnologia do Acre;1.134.649,35;13.371.707,03;12.763.127,65;966.774,17
set/24;26000 - Ministério da Educação;26425 - Instituto Federal de Educação, Ciência e Tecnologia do Acre;1.243.625,39;12.191.828,53;13.000.720,36;907.020,59
jun/24;26000 - Ministério da Educação;26425 - Instituto Federal de Educação, Ciência e Tecnologia do Acre;1.279.051,97;15.034.691,28;12.260.787,23;1.957.883,48
abr/24;26000 - Ministério da Educação;26425 - Instituto Federal de Educação, Ciência e Tecnologia do Acre;3.427.740,35;11.532.041,75;12.126.295,60;2.103.473,98
fev/24;26000 - Ministério da Educação;26425 - Instituto Federal de Educação, Ciência e Tecnologia do Acre;126.772.726,45;10.941.348,85;9.606.842,04;3.623.242,42
mar/24;26000 - Ministério da Educação;26425 - Instituto Federal de Educação, Ciência e Tecnologia do Acre;1.644.215,01;12.079.074,98;11.122.732,20;1.786.793,87
mai/24;26000 - Ministério da Educação;26425 - Instituto Federal de Educação, Ciência e Tecnologia do Acre;7.953.919,39;12.393.335,13;11.648.944,13;964.432,45
jul/24;26000 - Ministério da Educação;26425 - Instituto Federal de Educação, Ciência e Tecnologia do Acre;545.904,61;11.936.128,82;15.169.108,63;725.741,96
jan/24;26000 - Ministério da Educação;26425 - Instituto Federal de Educação, Ciência e Tecnologia do Acre;12.028.031,69;10.747.731,45;2.344.032,07;12.928.081,41
dez/24;26000 - Ministério da Educação;26426 - Instituto Federal de Educação, Ciência e Tecnologia do Amapá;9.199.291,19;13.056.769,18;13.781.063,26;2.083.010,92
jan/24;26000 - Ministério da Educação;26426 - Instituto Federal de Educação, Ciência e Tecnologia do Amapá;106.330.522,06;8.277.974,00;1.665.196,07;10.958.236,19
set/24;26000 - Ministério da Educação;26426 - Instituto Federal de Educação, Ciência e Tecnologia do Amapá;1.620.301,57;10.574.956,29;10.230.697,35;442.639,04
mai/24;26000 - Ministério da Educação;26426 - Instituto Federal de Educação, Ciência e Tecnologia do Amapá;6.207.849,63;10.920.145,70;8.911.905,81;1.406.002,15
fev/24;26000 - Ministério da Educação;26426 - Instituto Federal de Educação, Ciência e Tecnologia do Amapá;284.046,16;7.959.623,85;8.239.153,92;2.273.136,48
ago/24;26000 - Ministério da Educação;26426 - Instituto Federal de Educação, Ciência e Tecnologia do Amapá;-2.740.017,12;10.569.582,41;10.137.422,72;804.762,68
jun/24;26000 - Ministério da Educação;26426 - Instituto Federal de Educação, Ciência e Tecnologia do Amapá;7.328.365,18;11.893.391,39;11.097.670,65;880.726,63
abr/24;26000 - Ministério da Educação;26426 - Instituto Federal de Educação, Ciência e Tecnologia do Amapá;5.198.729,47;8.658.985,95;8.064.016,21;2.023.119,30
jul/24;26000 - Ministério da Educação;26426 - Instituto Federal de Educação, Ciência e Tecnologia do Amapá;4.370.302,05;9.205.366,50;11.396.566,15;814.140,69
out/24;26000 - Ministério da Educação;26426 - Instituto Federal de Educação, Ciência e Tecnologia do Amapá;-696.309,02;11.063.067,91;11.216.920,05;794.669,69
nov/24;26000 - Ministério da Educação;26426 - Instituto Federal de Educação, Ciência e Tecnologia do Amapá;2.104.499,83;15.737.221,12;12.238.694,90;487.780,37
mar/24;26000 - Ministério da Educação;26426 - Instituto Federal de Educação, Ciência e Tecnologia do Amapá;793.668,30;8.065.368,47;8.006.680,32;1.895.302,54
jan/24;26000 - Ministério da Educação;26403 - Instituto Federal de Educação, Ciência e Tecnologia do Amazonas;395.261.668,26;31.623.282,31;6.527.120,09;43.129.202,57
jul/24;26000 - Ministério da Educação;26403 - Instituto Federal de Educação, Ciência e Tecnologia do Amazonas;16.035.398,24;46.200.556,84;51.906.664,56;2.936.775,23
fev/24;26000 - Ministério da Educação;26403 - Instituto Federal de Educação, Ciência e Tecnologia do Amazonas;4.371.686,05;33.044.444,79;27.969.860,36;8.066.724,77
dez/24;26000 - Ministério da Educação;26403 - Instituto Federal de Educação, Ciência e Tecnologia do Amazonas;42.872.077,21;48.308.014,91;51.018.838,11;3.460.516,74
mar/24;26000 - Ministério da Educação;26403 - Instituto Federal de Educação, Ciência e Tecnologia do Amazonas;4.480.514,60;34.989.021,67;33.958.639,57;10.309.123,09
jun/24;26000 - Ministério da Educação;26403 - Instituto Federal de Educação, Ciência e Tecnologia do Amazonas;2.098.982,11;45.150.815,53;38.701.375,54;2.790.221,71
set/24;26000 - Ministério da Educação;26403 - Instituto Federal de Educação, Ciência e Tecnologia do Amazonas;32.123.836,30;37.973.797,54;37.508.331,24;2.281.307,64
nov/24;26000 - Ministério da Educação;26403 - Instituto Federal de Educação, Ciência e Tecnologia do Amazonas;110.419,10;57.914.695,21;46.671.395,92;225.362,15
mai/24;26000 - Ministério da Educação;26403 - Instituto Federal de Educação, Ciência e Tecnologia do Amazonas;19.891.543,68;38.814.525,69;36.568.949,03;2.772.415,77
abr/24;26000 - Ministério da Educação;26403 - Instituto Federal de Educação, Ciência e Tecnologia do Amazonas;8.955.782,21;36.978.468,50;36.265.519,07;4.665.018,26
ago/24;26000 - Ministério da Educação;26403 - Instituto Federal de Educação, Ciência e Tecnologia do Amazonas;9.338.390,60;37.940.194,56;38.209.898,75;878.406,42
out/24;26000 - Ministério da Educação;26403 - Instituto Federal de Educação, Ciência e Tecnologia do Amazonas;6.735.322,69;38.549.657,98;38.559.290,40;853.800,66
ago/24;26000 - Ministério da Educação;26405 - Instituto Federal de Educação, Ciência e Tecnologia do Ceará;62.028.233,57;80.486.967,29;76.207.574,74;2.507.689,29
out/24;26000 - Ministério da Educação;26405 - Instituto Federal de Educação, Ciência e Tecnologia do Ceará;76.495.757,39;80.051.032,40;79.166.058,86;2.628.003,94
abr/24;26000 - Ministério da Educação;26405 - Instituto Federal de Educação, Ciência e Tecnologia do Ceará;112.634.305,50;74.286.987,89;73.012.519,38;7.051.570,61
jun/24;26000 - Ministério da Educação;26405 - Instituto Federal de Educação, Ciência e Tecnologia do Ceará;99.873.738,83;93.201.115,52;77.627.890,53;5.806.751,35
set/24;26000 - Ministério da Educação;26405 - Instituto Federal de Educação, Ciência e Tecnologia do Ceará;74.413.933,36;77.913.851,95;81.073.075,27;2.559.560,43
dez/24;26000 - Ministério da Educação;26405 - Instituto Federal de Educação, Ciência e Tecnologia do Ceará;102.670.690,55;123.681.855,35;106.727.474,52;5.516.996,43
mar/24;26000 - Ministério da Educação;26405 - Instituto Federal de Educação, Ciência e Tecnologia do Ceará;75.543.285,10;71.353.981,06;70.383.731,44;7.385.556,51
jul/24;26000 - Ministério da Educação;26405 - Instituto Federal de Educação, Ciência e Tecnologia do Ceará;84.047.312,40;76.428.814,69;95.508.318,36;4.262.794,95
mai/24;26000 - Ministério da Educação;26405 - Instituto Federal de Educação, Ciência e Tecnologia do Ceará;90.770.199,35;81.909.242,33;76.247.238,41;18.063.808,53
nov/24;26000 - Ministério da Educação;26405 - Instituto Federal de Educação, Ciência e Tecnologia do Ceará;141.032.113,99;121.930.258,77;96.779.904,37;2.351.648,33
fev/24;26000 - Ministério da Educação;26405 - Instituto Federal de Educação, Ciência e Tecnologia do Ceará;74.874.261,71;68.205.783,38;59.690.641,59;15.123.608,71
jan/24;26000 - Ministério da Educação;26405 - Instituto Federal de Educação, Ciência e Tecnologia do Ceará;71.305.344,06;65.526.682,20;14.310.345,68;91.997.831,99
jul/24;26000 - Ministério da Educação;26406 - Instituto Federal de Educação, Ciência e Tecnologia do Espírito Santo;42.717.621,93;72.590.109,28;86.974.264,88;3.663.275,54
fev/24;26000 - Ministério da Educação;26406 - Instituto Federal de Educação, Ciência e Tecnologia do Espírito Santo;31.472.053,08;61.758.531,52;54.541.475,29;15.749.328,97
mai/24;26000 - Ministério da Educação;26406 - Instituto Federal de Educação, Ciência e Tecnologia do Espírito Santo;149.869.824,54;75.634.219,58;71.155.911,12;6.384.087,60
jun/24;26000 - Ministério da Educação;26406 - Instituto Federal de Educação, Ciência e Tecnologia do Espírito Santo;56.257.590,68;88.090.687,89;73.167.270,80;2.415.943,19
dez/24;26000 - Ministério da Educação;26406 - Instituto Federal de Educação, Ciência e Tecnologia do Espírito Santo;99.454.231,35;105.040.546,54;113.509.810,70;1.441.089,13
mar/24;26000 - Ministério da Educação;26406 - Instituto Federal de Educação, Ciência e Tecnologia do Espírito Santo;45.704.928,52;66.113.027,28;64.216.184,83;12.585.084,31
abr/24;26000 - Ministério da Educação;26406 - Instituto Federal de Educação, Ciência e Tecnologia do Espírito Santo;50.493.009,80;68.029.982,13;65.851.174,67;10.151.205,11
ago/24;26000 - Ministério da Educação;26406 - Instituto Federal de Educação, Ciência e Tecnologia do Espírito Santo;82.931.783,95;79.105.261,57;74.237.602,09;1.305.082,40
out/24;26000 - Ministério da Educação;26406 - Instituto Federal de Educação, Ciência e Tecnologia do Espírito Santo;65.105.330,67;75.195.979,02;69.151.561,12;355.540,86
set/24;26000 - Ministério da Educação;26406 - Instituto Federal de Educação, Ciência e Tecnologia do Espírito Santo;40.965.061,98;70.744.837,38;73.486.448,71;662.451,31
nov/24;26000 - Ministério da Educação;26406 - Instituto Federal de Educação, Ciência e Tecnologia do Espírito Santo;57.573.965,35;116.651.045,14;84.344.375,04;210.280,42
jan/24;26000 - Ministério da Educação;26406 - Instituto Federal de Educação, Ciência e Tecnologia do Espírito Santo;295.596.303,21;58.530.470,35;12.747.117,73;76.969.918,76
dez/24;26000 - Ministério da Educação;26408 - Instituto Federal de Educação, Ciência e Tecnologia do Maranhão;66.536.597,68;121.643.706,19;101.724.533,20;6.084.930,96
jul/24;26000 - Ministério da Educação;26408 - Instituto Federal de Educação, Ciência e Tecnologia do Maranhão;120.922.281,40;73.582.955,28;89.123.901,48;4.356.845,67
jun/24;26000 - Ministério da Educação;26408 - Instituto Federal de Educação, Ciência e Tecnologia do Maranhão;25.783.556,58;83.057.167,50;76.112.005,48;4.870.584,81
mai/24;26000 - Ministério da Educação;26408 - Instituto Federal de Educação, Ciência e Tecnologia do Maranhão;25.083.053,48;74.625.153,15;63.410.954,41;8.588.547,17
nov/24;26000 - Ministério da Educação;26408 - Instituto Federal de Educação, Ciência e Tecnologia do Maranhão;-5.030.186,74;97.987.969,29;82.446.441,98;594.270,75
fev/24;26000 - Ministério da Educação;26408 - Instituto Federal de Educação, Ciência e Tecnologia do Maranhão;8.844.251,12;55.833.082,63;48.135.074,47;23.088.457,70
abr/24;26000 - Ministério da Educação;26408 - Instituto Federal de Educação, Ciência e Tecnologia do Maranhão;49.807.181,48;63.499.664,93;62.416.920,46;8.833.315,57
out/24;26000 - Ministério da Educação;26408 - Instituto Federal de Educação, Ciência e Tecnologia do Maranhão;31.737.510,24;77.775.563,43;75.718.015,78;2.072.979,96
set/24;26000 - Ministério da Educação;26408 - Instituto Federal de Educação, Ciência e Tecnologia do Maranhão;7.454.983,47;74.814.683,41;74.164.804,54;2.490.620,62
ago/24;26000 - Ministério da Educação;26408 - Instituto Federal de Educação, Ciência e Tecnologia do Maranhão;18.220.738,36;74.208.215,69;67.573.835,95;1.750.469,56
mar/24;26000 - Ministério da Educação;26408 - Instituto Federal de Educação, Ciência e Tecnologia do Maranhão;9.250.688,38;60.090.922,97;59.129.970,11;24.181.043,39
jan/24;26000 - Ministério da Educação;26408 - Instituto Federal de Educação, Ciência e Tecnologia do Maranhão;619.632.646,98;54.107.682,74;11.870.352,84;81.797.192,25
set/24;26000 - Ministério da Educação;26414 - Instituto Federal de Educação, Ciência e Tecnologia do Mato Grosso;7.140.145,29;49.509.688,58;48.895.317,45;1.185.439,97
jul/24;26000 - Ministério da Educação;26414 - Instituto Federal de Educação, Ciência e Tecnologia do Mato Grosso;21.240.144,72;47.070.538,08;56.575.897,85;2.169.957,90
mar/24;26000 - Ministério da Educação;26414 - Instituto Federal de Educação, Ciência e Tecnologia do Mato Grosso;7.476.151,11;41.812.161,32;41.729.616,67;12.087.043,47
abr/24;26000 - Ministério da Educação;26414 - Instituto Federal de Educação, Ciência e Tecnologia do Mato Grosso;31.318.535,36;44.870.236,49;43.040.846,31;10.894.866,02
ago/24;26000 - Ministério da Educação;26414 - Instituto Federal de Educação, Ciência e Tecnologia do Mato Grosso;4.319.644,15;52.164.240,60;48.179.295,97;1.646.404,68
mai/24;26000 - Ministério da Educação;26414 - Instituto Federal de Educação, Ciência e Tecnologia do Mato Grosso;24.396.203,16;47.334.971,17;44.976.956,63;5.707.302,60
jun/24;26000 - Ministério da Educação;26414 - Instituto Federal de Educação, Ciência e Tecnologia do Mato Grosso;12.455.569,04;59.887.124,74;50.722.174,37;1.907.189,97
fev/24;26000 - Ministério da Educação;26414 - Instituto Federal de Educação, Ciência e Tecnologia do Mato Grosso;5.655.131,51;41.228.247,70;35.790.710,50;8.577.248,54
dez/24;26000 - Ministério da Educação;26414 - Instituto Federal de Educação, Ciência e Tecnologia do Mato Grosso;54.401.940,07;67.427.430,22;76.914.679,62;3.962.494,18
out/24;26000 - Ministério da Educação;26414 - Instituto Federal de Educação, Ciência e Tecnologia do Mato Grosso;6.929.264,25;51.471.322,06;50.793.038,94;508.815,57
nov/24;26000 - Ministério da Educação;26414 - Instituto Federal de Educação, Ciência e Tecnologia do Mato Grosso;26.572.493,41;70.738.699,16;47.320.358,05;1.070.033,79
jan/24;26000 - Ministério da Educação;26414 - Instituto Federal de Educação, Ciência e Tecnologia do Mato Grosso;470.731.581,94;39.057.521,11;8.695.693,70;54.503.091,76
abr/24;26000 - Ministério da Educação;26415 - Instituto Federal de Educação, Ciência e Tecnologia do Mato Grosso do Sul;185.344.244,13;20.757.748,10;20.536.180,06;2.797.974,53
ago/24;26000 - Ministério da Educação;26415 - Instituto Federal de Educação, Ciência e Tecnologia do Mato Grosso do Sul;2.586.639,52;21.687.756,93;21.931.559,45;528.732,30
set/24;26000 - Ministério da Educação;26415 - Instituto Federal de Educação, Ciência e Tecnologia do Mato Grosso do Sul;1.446.099,92;22.293.624,73;21.612.147,14;335.631,49
dez/24;26000 - Ministério da Educação;26415 - Instituto Federal de Educação, Ciência e Tecnologia do Mato Grosso do Sul;14.685.897,01;31.484.322,87;35.462.159,81;2.801.049,45
jul/24;26000 - Ministério da Educação;26415 - Instituto Federal de Educação, Ciência e Tecnologia do Mato Grosso do Sul;4.381.433,78;21.847.483,36;29.225.334,58;1.273.171,34
jun/24;26000 - Ministério da Educação;26415 - Instituto Federal de Educação, Ciência e Tecnologia do Mato Grosso do Sul;3.624.739,34;28.489.065,06;21.729.916,30;1.073.924,74
mai/24;26000 - Ministério da Educação;26415 - Instituto Federal de Educação, Ciência e Tecnologia do Mato Grosso do Sul;11.606.682,55;22.865.678,29;21.204.795,56;1.919.930,69
mar/24;26000 - Ministério da Educação;26415 - Instituto Federal de Educação, Ciência e Tecnologia do Mato Grosso do Sul;21.837.940,78;20.388.974,52;19.616.368,66;4.339.195,92
jan/24;26000 - Ministério da Educação;26415 - Instituto Federal de Educação, Ciência e Tecnologia do Mato Grosso do Sul;18.074.901,04;17.472.443,24;3.686.202,33;23.221.156,73
out/24;26000 - Ministério da Educação;26415 - Instituto Federal de Educação, Ciência e Tecnologia do Mato Grosso do Sul;12.442.981,45;22.580.846,34;21.971.318,89;295.105,79
nov/24;26000 - Ministério da Educação;26415 - Instituto Federal de Educação, Ciência e Tecnologia do Mato Grosso do Sul;4.722.271,10;35.053.687,36;27.389.395,71;97.850,47
fev/24;26000 - Ministério da Educação;26415 - Instituto Federal de Educação, Ciência e Tecnologia do Mato Grosso do Sul;20.043.721,53;18.227.328,76;15.931.773,82;5.654.834,82
mai/24;26000 - Ministério da Educação;26410 - Instituto Federal de Educação, Ciência e Tecnologia do Norte de Minas Gerais;4.263.343,50;28.134.175,38;26.101.214,75;1.674.215,26
set/24;26000 - Ministério da Educação;26410 - Instituto Federal de Educação, Ciência e Tecnologia do Norte de Minas Gerais;11.355.946,10;28.346.803,31;27.314.184,71;799.166,80
abr/24;26000 - Ministério da Educação;26410 - Instituto Federal de Educação, Ciência e Tecnologia do Norte de Minas Gerais;21.622.356,59;25.880.830,65;25.871.874,07;1.772.390,41
mar/24;26000 - Ministério da Educação;26410 - Instituto Federal de Educação, Ciência e Tecnologia do Norte de Minas Gerais;4.406.365,45;25.268.475,58;25.556.701,00;3.867.433,07
jul/24;26000 - Ministério da Educação;26410 - Instituto Federal de Educação, Ciência e Tecnologia do Norte de Minas Gerais;11.039.586,50;26.680.081,57;32.183.580,13;1.165.110,59
jan/24;26000 - Ministério da Educação;26410 - Instituto Federal de Educação, Ciência e Tecnologia do Norte de Minas Gerais;267.505.670,98;23.732.812,33;4.758.287,61;30.300.347,41
dez/24;26000 - Ministério da Educação;26410 - Instituto Federal de Educação, Ciência e Tecnologia do Norte de Minas Gerais;27.441.077,76;39.459.411,63;40.800.438,01;1.407.057,32
jun/24;26000 - Ministério da Educação;26410 - Instituto Federal de Educação, Ciência e Tecnologia do Norte de Minas Gerais;4.584.651,38;31.581.989,13;27.601.542,70;1.782.605,18
ago/24;26000 - Ministério da Educação;26410 - Instituto Federal de Educação, Ciência e Tecnologia do Norte de Minas Gerais;-3.158.620,30;27.563.317,43;26.553.133,28;1.254.979,04
out/24;26000 - Ministério da Educação;26410 - Instituto Federal de Educação, Ciência e Tecnologia do Norte de Minas Gerais;40.975.830,52;31.663.766,57;33.012.607,41;561.606,39
nov/24;26000 - Ministério da Educação;26410 - Instituto Federal de Educação, Ciência e Tecnologia do Norte de Minas Gerais;4.094.631,17;41.083.781,13;33.044.425,70;749.176,20
fev/24;26000 - Ministério da Educação;26410 - Instituto Federal de Educação, Ciência e Tecnologia do Norte de Minas Gerais;2.457.063,98;24.656.182,31;24.526.468,09;3.045.858,09
jul/24;26000 - Ministério da Educação;26416 - Instituto Federal de Educação, Ciência e Tecnologia do Pará;14.630.099,46;49.500.297,81;62.001.145,54;1.645.303,40
ago/24;26000 - Ministério da Educação;26416 - Instituto Federal de Educação, Ciência e Tecnologia do Pará;-3.836.317,59;50.316.287,82;50.739.352,71;974.684,16
out/24;26000 - Ministério da Educação;26416 - Instituto Federal de Educação, Ciência e Tecnologia do Pará;22.405.871,35;50.548.231,61;50.578.764,61;820.525,09
abr/24;26000 - Ministério da Educação;26416 - Instituto Federal de Educação, Ciência e Tecnologia do Pará;40.824.815,23;48.708.233,39;43.324.578,17;2.494.816,82
fev/24;26000 - Ministério da Educação;26416 - Instituto Federal de Educação, Ciência e Tecnologia do Pará;4.521.371,35;45.612.598,01;46.117.342,58;2.182.159,63
mar/24;26000 - Ministério da Educação;26416 - Instituto Federal de Educação, Ciência e Tecnologia do Pará;5.891.101,45;47.657.283,90;47.296.357,12;7.167.339,75
set/24;26000 - Ministério da Educação;26416 - Instituto Federal de Educação, Ciência e Tecnologia do Pará;6.581.168,04;52.048.360,55;51.035.684,22;1.370.216,63
dez/24;26000 - Ministério da Educação;26416 - Instituto Federal de Educação, Ciência e Tecnologia do Pará;12.738.143,06;57.962.307,07;60.895.061,24;2.858.599,04
mai/24;26000 - Ministério da Educação;26416 - Instituto Federal de Educação, Ciência e Tecnologia do Pará;23.651.809,81;52.305.362,49;53.545.865,10;3.295.125,32
jun/24;26000 - Ministério da Educação;26416 - Instituto Federal de Educação, Ciência e Tecnologia do Pará;3.207.930,63;62.494.250,06;51.863.707,45;3.582.390,13
nov/24;26000 - Ministério da Educação;26416 - Instituto Federal de Educação, Ciência e Tecnologia do Pará;2.367.201,81;80.415.745,07;62.173.757,17;649.273,09
jan/24;26000 - Ministério da Educação;26416 - Instituto Federal de Educação, Ciência e Tecnologia do Pará;555.502.014,77;44.001.335,80;9.755.116,98;50.833.892,54
jul/24;26000 - Ministério da Educação;26431 - Instituto Federal de Educação, Ciência e Tecnologia do Piauí;10.335.852,88;49.821.606,52;58.710.261,88;813.858,29
out/24;26000 - Ministério da Educação;26431 - Instituto Federal de Educação, Ciência e Tecnologia do Piauí;27.022.701,79;52.634.371,95;51.393.507,53;487.935,72
nov/24;26000 - Ministério da Educação;26431 - Instituto Federal de Educação, Ciência e Tecnologia do Piauí;17.992.258,29;77.276.895,21;59.223.336,75;215.482,75
set/24;26000 - Ministério da Educação;26431 - Instituto Federal de Educação, Ciência e Tecnologia do Piauí;12.947.944,46;49.467.958,08;48.852.309,62;604.192,48
jun/24;26000 - Ministério da Educação;26431 - Instituto Federal de Educação, Ciência e Tecnologia do Piauí;6.053.857,91;57.200.943,67;49.185.338,39;2.540.730,74
mai/24;26000 - Ministério da Educação;26431 - Instituto Federal de Educação, Ciência e Tecnologia do Piauí;7.247.187,54;54.044.544,90;50.301.754,04;8.574.378,27
dez/24;26000 - Ministério da Educação;26431 - Instituto Federal de Educação, Ciência e Tecnologia do Piauí;23.107.508,44;70.092.052,19;67.622.787,40;229.027,53
mar/24;26000 - Ministério da Educação;26431 - Instituto Federal de Educação, Ciência e Tecnologia do Piauí;7.609.054,43;45.868.311,43;44.661.964,43;5.957.976,22
abr/24;26000 - Ministério da Educação;26431 - Instituto Federal de Educação, Ciência e Tecnologia do Piauí;10.569.434,22;46.388.770,10;46.524.439,06;1.545.360,63
ago/24;26000 - Ministério da Educação;26431 - Instituto Federal de Educação, Ciência e Tecnologia do Piauí;9.015.815,92;49.224.855,89;49.184.874,62;1.002.361,49
fev/24;26000 - Ministério da Educação;26431 - Instituto Federal de Educação, Ciência e Tecnologia do Piauí;4.327.403,40;43.543.744,34;39.121.491,59;9.778.281,64
jan/24;26000 - Ministério da Educação;26431 - Instituto Federal de Educação, Ciência e Tecnologia do Piauí;536.192.945,31;42.794.453,61;8.693.872,61;57.074.689,27
ago/24;26000 - Ministério da Educação;26433 - Instituto Federal de Educação, Ciência e Tecnologia do Rio de Janeiro;5.100.141,50;42.255.922,37;41.407.846,77;859.603,81
nov/24;26000 - Ministério da Educação;26433 - Instituto Federal de Educação, Ciência e Tecnologia do Rio de Janeiro;7.126.950,42;63.211.681,25;50.065.186,02;173.216,83
mai/24;26000 - Ministério da Educação;26433 - Instituto Federal de Educação, Ciência e Tecnologia do Rio de Janeiro;11.351.424,78;42.638.395,00;41.264.217,57;2.188.503,17
jun/24;26000 - Ministério da Educação;26433 - Instituto Federal de Educação, Ciência e Tecnologia do Rio de Janeiro;6.320.751,52;50.926.366,23;41.460.836,77;963.242,00
mar/24;26000 - Ministério da Educação;26433 - Instituto Federal de Educação, Ciência e Tecnologia do Rio de Janeiro;5.309.559,97;39.402.085,44;37.705.100,69;6.082.444,75
abr/24;26000 - Ministério da Educação;26433 - Instituto Federal de Educação, Ciência e Tecnologia do Rio de Janeiro;9.845.107,81;40.188.355,49;39.831.901,29;2.530.672,16
set/24;26000 - Ministério da Educação;26433 - Instituto Federal de Educação, Ciência e Tecnologia do Rio de Janeiro;88.738.461,61;42.709.790,98;42.004.551,50;215.163,17
dez/24;26000 - Ministério da Educação;26433 - Instituto Federal de Educação, Ciência e Tecnologia do Rio de Janeiro;43.253.096,34;60.196.999,17;54.495.133,16;836.001,00
out/24;26000 - Ministério da Educação;26433 - Instituto Federal de Educação, Ciência e Tecnologia do Rio de Janeiro;7.568.473,38;43.387.046,68;43.981.433,84;417.465,44
jul/24;26000 - Ministério da Educação;26433 - Instituto Federal de Educação, Ciência e Tecnologia do Rio de Janeiro;7.019.941,61;44.050.307,60;53.717.170,17;1.142.542,74
fev/24;26000 - Ministério da Educação;26433 - Instituto Federal de Educação, Ciência e Tecnologia do Rio de Janeiro;309.375,44;36.194.936,36;32.227.579,83;10.747.336,69
jan/24;26000 - Ministério da Educação;26433 - Instituto Federal de Educação, Ciência e Tecnologia do Rio de Janeiro;387.188.847,12;37.020.704,01;8.019.398,23;47.907.421,54
ago/24;26000 - Ministério da Educação;26435 - Instituto Federal de Educação, Ciência e Tecnologia do Rio Grande do Norte;1.631.463,43;68.478.412,67;69.000.103,23;4.036.583,36
jun/24;26000 - Ministério da Educação;26435 - Instituto Federal de Educação, Ciência e Tecnologia do Rio Grande do Norte;23.315.681,85;70.672.140,02;61.318.717,29;5.634.779,74
jan/24;26000 - Ministério da Educação;26435 - Instituto Federal de Educação, Ciência e Tecnologia do Rio Grande do Norte;698.928.193,92;53.485.430,59;10.964.836,62;79.666.596,36
mai/24;26000 - Ministério da Educação;26435 - Instituto Federal de Educação, Ciência e Tecnologia do Rio Grande do Norte;17.785.907,35;62.404.971,15;58.495.070,91;4.935.810,46
fev/24;26000 - Ministério da Educação;26435 - Instituto Federal de Educação, Ciência e Tecnologia do Rio Grande do Norte;4.473.392,01;52.348.509,22;46.899.643,22;20.728.552,44
dez/24;26000 - Ministério da Educação;26435 - Instituto Federal de Educação, Ciência e Tecnologia do Rio Grande do Norte;77.881.220,54;92.516.686,50;86.270.650,40;5.771.384,55
mar/24;26000 - Ministério da Educação;26435 - Instituto Federal de Educação, Ciência e Tecnologia do Rio Grande do Norte;6.954.076,35;55.256.483,42;54.089.765,91;14.383.363,19
set/24;26000 - Ministério da Educação;26435 - Instituto Federal de Educação, Ciência e Tecnologia do Rio Grande do Norte;3.823.423,76;61.415.778,14;62.605.096,41;4.560.944,07
out/24;26000 - Ministério da Educação;26435 - Instituto Federal de Educação, Ciência e Tecnologia do Rio Grande do Norte;19.097.877,04;66.310.157,70;65.455.410,68;3.928.660,23
jul/24;26000 - Ministério da Educação;26435 - Instituto Federal de Educação, Ciência e Tecnologia do Rio Grande do Norte;39.849.949,43;63.770.340,28;70.987.623,26;3.530.588,93
abr/24;26000 - Ministério da Educação;26435 - Instituto Federal de Educação, Ciência e Tecnologia do Rio Grande do Norte;13.887.058,34;57.379.777,06;56.222.848,48;5.640.890,65
nov/24;26000 - Ministério da Educação;26435 - Instituto Federal de Educação, Ciência e Tecnologia do Rio Grande do Norte;6.090.036,00;107.382.755,31;82.851.272,80;2.137.751,65
mai/24;26000 - Ministério da Educação;26419 - Instituto Federal de Educação, Ciência e Tecnologia do Rio Grande do Sul;14.874.586,42;50.566.418,06;45.102.594,49;1.979.213,84
ago/24;26000 - Ministério da Educação;26419 - Instituto Federal de Educação, Ciência e Tecnologia do Rio Grande do Sul;1.034.346,46;46.745.556,49;47.908.922,96;906.944,09
abr/24;26000 - Ministério da Educação;26419 - Instituto Federal de Educação, Ciência e Tecnologia do Rio Grande do Sul;19.184.903,60;43.826.207,03;43.906.705,89;2.792.627,72
mar/24;26000 - Ministério da Educação;26419 - Instituto Federal de Educação, Ciência e Tecnologia do Rio Grande do Sul;4.421.901,36;42.314.789,72;41.018.398,90;3.945.627,38
fev/24;26000 - Ministério da Educação;26419 - Instituto Federal de Educação, Ciência e Tecnologia do Rio Grande do Sul;4.380.536,83;40.825.401,97;42.081.248,24;3.382.618,16
jan/24;26000 - Ministério da Educação;26419 - Instituto Federal de Educação, Ciência e Tecnologia do Rio Grande do Sul;342.965.802,31;40.392.942,12;8.417.205,58;48.404.833,94
dez/24;26000 - Ministério da Educação;26419 - Instituto Federal de Educação, Ciência e Tecnologia do Rio Grande do Sul;-6.122.581,47;36.370.553,72;32.969.665,36;997.612,02
out/24;26000 - Ministério da Educação;26419 - Instituto Federal de Educação, Ciência e Tecnologia do Rio Grande do Sul;26.793.453,38;50.147.022,83;49.562.664,11;867.190,59
jun/24;26000 - Ministério da Educação;26419 - Instituto Federal de Educação, Ciência e Tecnologia do Rio Grande do Sul;8.502.481,71;55.800.224,66;44.244.146,53;1.406.283,72
jul/24;26000 - Ministério da Educação;26419 - Instituto Federal de Educação, Ciência e Tecnologia do Rio Grande do Sul;82.661.753,76;48.290.476,88;56.141.969,95;1.683.950,51
nov/24;26000 - Ministério da Educação;26419 - Instituto Federal de Educação, Ciência e Tecnologia do Rio Grande do Sul;56.916.120,43;84.430.257,18;71.662.880,54;613.341,82
set/24;26000 - Ministério da Educação;26419 - Instituto Federal de Educação, Ciência e Tecnologia do Rio Grande do Sul;130.480.428,55;95.128.798,08;95.182.941,65;1.084.661,91
jul/24;26000 - Ministério da Educação;26430 - Instituto Federal de Educação, Ciência e Tecnologia do Sertão de Pernambuco;14.857.695,52;18.795.673,39;21.774.673,56;987.242,15
jun/24;26000 - Ministério da Educação;26430 - Instituto Federal de Educação, Ciência e Tecnologia do Sertão de Pernambuco;4.048.858,98;21.761.863,27;18.881.629,38;717.479,11
dez/24;26000 - Ministério da Educação;26430 - Instituto Federal de Educação, Ciência e Tecnologia do Sertão de Pernambuco;14.505.524,25;30.588.825,16;28.322.385,99;107.342,29
set/24;26000 - Ministério da Educação;26430 - Instituto Federal de Educação, Ciência e Tecnologia do Sertão de Pernambuco;3.300.421,62;19.876.909,08;27.624.144,89;687.115,20
nov/24;26000 - Ministério da Educação;26430 - Instituto Federal de Educação, Ciência e Tecnologia do Sertão de Pernambuco;25.077.036,76;30.914.387,17;25.244.399,46;127.212,06
jan/24;26000 - Ministério da Educação;26430 - Instituto Federal de Educação, Ciência e Tecnologia do Sertão de Pernambuco;184.956.969,52;16.757.830,00;3.566.728,49;21.623.605,73
fev/24;26000 - Ministério da Educação;26430 - Instituto Federal de Educação, Ciência e Tecnologia do Sertão de Pernambuco;2.097.255,60;16.910.170,71;16.950.580,42;2.574.619,20
mar/24;26000 - Ministério da Educação;26430 - Instituto Federal de Educação, Ciência e Tecnologia do Sertão de Pernambuco;2.361.231,43;17.961.605,83;17.427.061,77;1.890.937,40
abr/24;26000 - Ministério da Educação;26430 - Instituto Federal de Educação, Ciência e Tecnologia do Sertão de Pernambuco;2.917.524,41;18.144.272,10;18.088.047,14;1.305.280,44
out/24;26000 - Ministério da Educação;26430 - Instituto Federal de Educação, Ciência e Tecnologia do Sertão de Pernambuco;6.015.420,50;20.476.705,09;20.212.077,51;336.206,30
mai/24;26000 - Ministério da Educação;26430 - Instituto Federal de Educação, Ciência e Tecnologia do Sertão de Pernambuco;8.043.291,49;19.313.608,07;18.457.945,19;6.754.169,96
ago/24;26000 - Ministério da Educação;26430 - Instituto Federal de Educação, Ciência e Tecnologia do Sertão de Pernambuco;1.057.463,14;27.228.780,66;19.025.525,58;485.777,94
jan/24;26000 - Ministério da Educação;26411 - Instituto Federal de Educação, Ciência e Tecnologia do Sudeste de Minas Gerais;159.208.333,74;25.153.300,82;5.232.610,69;30.825.856,97
mar/24;26000 - Ministério da Educação;26411 - Instituto Federal de Educação, Ciência e Tecnologia do Sudeste de Minas Gerais;2.683.722,18;26.056.362,69;25.408.666,82;5.689.828,99
mai/24;26000 - Ministério da Educação;26411 - Instituto Federal de Educação, Ciência e Tecnologia do Sudeste de Minas Gerais;12.083.653,42;29.400.316,12;27.169.110,97;2.006.393,01
out/24;26000 - Ministério da Educação;26411 - Instituto Federal de Educação, Ciência e Tecnologia do Sudeste de Minas Gerais;5.385.126,31;30.050.164,11;29.496.043,57;823.779,51
nov/24;26000 - Ministério da Educação;26411 - Instituto Federal de Educação, Ciência e Tecnologia do Sudeste de Minas Gerais;16.347.263,23;44.047.107,44;35.733.376,67;660.558,30
jun/24;26000 - Ministério da Educação;26411 - Instituto Federal de Educação, Ciência e Tecnologia do Sudeste de Minas Gerais;8.812.066,05;35.170.220,85;29.602.384,24;850.217,66
jul/24;26000 - Ministério da Educação;26411 - Instituto Federal de Educação, Ciência e Tecnologia do Sudeste de Minas Gerais;171.385.450,28;28.892.252,78;36.191.882,66;1.788.683,33
dez/24;26000 - Ministério da Educação;26411 - Instituto Federal de Educação, Ciência e Tecnologia do Sudeste de Minas Gerais;6.581.863,33;42.519.968,60;39.865.130,00;804.815,10
abr/24;26000 - Ministério da Educação;26411 - Instituto Federal de Educação, Ciência e Tecnologia do Sudeste de Minas Gerais;6.434.292,61;27.084.539,59;26.788.215,58;2.571.013,03
ago/24;26000 - Ministério da Educação;26411 - Instituto Federal de Educação, Ciência e Tecnologia do Sudeste de Minas Gerais;3.348.587,66;30.174.709,86;28.481.822,85;967.659,80
set/24;26000 - Ministério da Educação;26411 - Instituto Federal de Educação, Ciência e Tecnologia do Sudeste de Minas Gerais;2.053.553,88;29.495.750,06;30.126.929,57;651.967,12
fev/24;26000 - Ministério da Educação;26411 - Instituto Federal de Educação, Ciência e Tecnologia do Sudeste de Minas Gerais;1.625.387,28;24.866.410,85;25.214.976,36;3.053.233,73
jan/24;26000 - Ministério da Educação;26412 - Instituto Federal de Educação, Ciência e Tecnologia do Sul de Minas Gerais;278.061.037,01;23.124.182,83;4.484.094,23;30.545.947,41
mai/24;26000 - Ministério da Educação;26412 - Instituto Federal de Educação, Ciência e Tecnologia do Sul de Minas Gerais;12.772.452,24;28.920.436,38;27.507.215,58;2.398.646,89
ago/24;26000 - Ministério da Educação;26412 - Instituto Federal de Educação, Ciência e Tecnologia do Sul de Minas Gerais;6.593.155,23;29.594.137,92;27.827.774,15;1.563.029,98
nov/24;26000 - Ministério da Educação;26412 - Instituto Federal de Educação, Ciência e Tecnologia do Sul de Minas Gerais;26.929.751,32;38.225.196,10;29.694.306,58;1.154.712,42
mar/24;26000 - Ministério da Educação;26412 - Instituto Federal de Educação, Ciência e Tecnologia do Sul de Minas Gerais;3.615.941,51;24.196.650,60;23.783.781,28;6.524.158,68
jun/24;26000 - Ministério da Educação;26412 - Instituto Federal de Educação, Ciência e Tecnologia do Sul de Minas Gerais;6.198.118,11;32.479.171,37;27.866.080,35;2.293.411,00
jul/24;26000 - Ministério da Educação;26412 - Instituto Federal de Educação, Ciência e Tecnologia do Sul de Minas Gerais;8.548.802,59;29.019.312,60;34.443.530,33;3.065.082,28
out/24;26000 - Ministério da Educação;26412 - Instituto Federal de Educação, Ciência e Tecnologia do Sul de Minas Gerais;5.811.292,97;30.814.865,84;31.933.704,34;1.997.609,29
dez/24;26000 - Ministério da Educação;26412 - Instituto Federal de Educação, Ciência e Tecnologia do Sul de Minas Gerais;49.203.217,25;39.789.631,47;42.219.438,12;2.340.708,09
abr/24;26000 - Ministério da Educação;26412 - Instituto Federal de Educação, Ciência e Tecnologia do Sul de Minas Gerais;12.129.638,25;27.679.738,86;26.843.130,67;4.118.991,67
set/24;26000 - Ministério da Educação;26412 - Instituto Federal de Educação, Ciência e Tecnologia do Sul de Minas Gerais;10.495.543,78;31.837.693,05;31.759.161,91;1.736.981,35
fev/24;26000 - Ministério da Educação;26412 - Instituto Federal de Educação, Ciência e Tecnologia do Sul de Minas Gerais;3.952.616,04;23.569.502,23;23.626.630,88;2.867.994,31
fev/24;26000 - Ministério da Educação;26424 - Instituto Federal de Educação, Ciência e Tecnologia do Tocantins;4.384.441,71;21.525.596,57;21.396.677,70;2.254.981,26
jul/24;26000 - Ministério da Educação;26424 - Instituto Federal de Educação, Ciência e Tecnologia do Tocantins;5.228.854,21;24.915.575,05;29.767.963,56;1.265.787,63
set/24;26000 - Ministério da Educação;26424 - Instituto Federal de Educação, Ciência e Tecnologia do Tocantins;12.384.377,23;27.087.712,97;26.825.722,23;797.330,88
jun/24;26000 - Ministério da Educação;26424 - Instituto Federal de Educação, Ciência e Tecnologia do Tocantins;7.308.326,51;30.096.170,72;25.442.759,91;1.442.470,88
dez/24;26000 - Ministério da Educação;26424 - Instituto Federal de Educação, Ciência e Tecnologia do Tocantins;8.779.555,91;34.862.122,81;31.140.879,68;344.029,16
mar/24;26000 - Ministério da Educação;26424 - Instituto Federal de Educação, Ciência e Tecnologia do Tocantins;4.517.108,91;23.181.125,82;21.408.880,81;2.409.031,28
mai/24;26000 - Ministério da Educação;26424 - Instituto Federal de Educação, Ciência e Tecnologia do Tocantins;54.012.874,39;25.855.990,42;24.966.240,30;1.445.936,17
jan/24;26000 - Ministério da Educação;26424 - Instituto Federal de Educação, Ciência e Tecnologia do Tocantins;209.974.297,10;20.686.902,89;4.940.141,63;28.079.916,20
abr/24;26000 - Ministério da Educação;26424 - Instituto Federal de Educação, Ciência e Tecnologia do Tocantins;12.092.366,31;22.907.751,35;23.093.987,36;1.524.929,83
out/24;26000 - Ministério da Educação;26424 - Instituto Federal de Educação, Ciência e Tecnologia do Tocantins;5.374.163,10;27.570.998,06;26.371.025,24;645.669,26
nov/24;26000 - Ministério da Educação;26424 - Instituto Federal de Educação, Ciência e Tecnologia do Tocantins;18.973.128,72;38.871.332,42;35.239.550,69;173.909,98
ago/24;26000 - Ministério da Educação;26424 - Instituto Federal de Educação, Ciência e Tecnologia do Tocantins;4.949.428,58;25.275.609,66;24.797.922,03;344.940,48
jul/24;26000 - Ministério da Educação;26413 - Instituto Federal de Educação, Ciência e Tecnologia do Triângulo Mineiro;3.195.329,45;24.254.242,44;29.531.755,97;1.396.115,21
jan/24;26000 - Ministério da Educação;26413 - Instituto Federal de Educação, Ciência e Tecnologia do Triângulo Mineiro;276.292.220,76;20.904.890,62;4.405.522,29;27.781.398,31
abr/24;26000 - Ministério da Educação;26413 - Instituto Federal de Educação, Ciência e Tecnologia do Triângulo Mineiro;13.722.598,83;22.296.505,00;22.005.150,01;2.256.903,84
out/24;26000 - Ministério da Educação;26413 - Instituto Federal de Educação, Ciência e Tecnologia do Triângulo Mineiro;2.054.034,08;24.687.923,42;24.577.029,57;770.583,22
set/24;26000 - Ministério da Educação;26413 - Instituto Federal de Educação, Ciência e Tecnologia do Triângulo Mineiro;1.327.583,08;24.354.436,71;24.420.993,84;467.869,44
fev/24;26000 - Ministério da Educação;26413 - Instituto Federal de Educação, Ciência e Tecnologia do Triângulo Mineiro;2.148.765,04;20.982.366,07;21.231.026,48;2.368.531,70
dez/24;26000 - Ministério da Educação;26413 - Instituto Federal de Educação, Ciência e Tecnologia do Triângulo Mineiro;11.247.711,11;32.341.881,16;37.022.099,20;1.293.447,35
mar/24;26000 - Ministério da Educação;26413 - Instituto Federal de Educação, Ciência e Tecnologia do Triângulo Mineiro;1.718.484,48;22.287.532,66;21.599.279,59;3.755.865,20
jun/24;26000 - Ministério da Educação;26413 - Instituto Federal de Educação, Ciência e Tecnologia do Triângulo Mineiro;1.943.095,88;29.339.475,68;24.124.195,68;801.536,06
mai/24;26000 - Ministério da Educação;26413 - Instituto Federal de Educação, Ciência e Tecnologia do Triângulo Mineiro;6.705.676,63;23.643.122,24;22.989.434,63;3.419.319,59
ago/24;26000 - Ministério da Educação;26413 - Instituto Federal de Educação, Ciência e Tecnologia do Triângulo Mineiro;-158.097,34;23.695.337,17;23.800.246,23;380.981,56
nov/24;26000 - Ministério da Educação;26413 - Instituto Federal de Educação, Ciência e Tecnologia do Triângulo Mineiro;3.264.303,05;36.771.942,25;23.627.943,40;546.383,17
mai/24;26000 - Ministério da Educação;26420 - Instituto Federal de Educação, Ciência e Tecnologia Farroupilha;239.883.037,30;31.797.029,68;29.372.362,69;844.745,93
mar/24;26000 - Ministério da Educação;26420 - Instituto Federal de Educação, Ciência e Tecnologia Farroupilha;17.102.482,38;28.263.655,33;31.030.487,32;5.453.359,46
abr/24;26000 - Ministério da Educação;26420 - Instituto Federal de Educação, Ciência e Tecnologia Farroupilha;29.967.618,34;29.419.355,69;25.581.068,54;2.133.592,18
jun/24;26000 - Ministério da Educação;26420 - Instituto Federal de Educação, Ciência e Tecnologia Farroupilha;27.148.898,82;35.583.423,11;31.540.453,97;2.074.579,30
jan/24;26000 - Ministério da Educação;26420 - Instituto Federal de Educação, Ciência e Tecnologia Farroupilha;82.881.042,61;26.148.885,09;5.691.487,07;34.319.903,95
out/24;26000 - Ministério da Educação;26420 - Instituto Federal de Educação, Ciência e Tecnologia Farroupilha;9.609.336,37;32.704.593,61;32.916.735,13;351.588,93
dez/24;26000 - Ministério da Educação;26420 - Instituto Federal de Educação, Ciência e Tecnologia Farroupilha;12.841.561,76;42.973.679,68;44.235.228,80;325.060,47
jul/24;26000 - Ministério da Educação;26420 - Instituto Federal de Educação, Ciência e Tecnologia Farroupilha;5.497.291,00;33.599.309,90;37.215.437,92;829.639,37
ago/24;26000 - Ministério da Educação;26420 - Instituto Federal de Educação, Ciência e Tecnologia Farroupilha;-3.949.543,48;32.175.053,51;32.886.927,07;840.189,90
nov/24;26000 - Ministério da Educação;26420 - Instituto Federal de Educação, Ciência e Tecnologia Farroupilha;1.630.655,24;50.516.169,40;42.029.265,97;91.226,60
set/24;26000 - Ministério da Educação;26420 - Instituto Federal de Educação, Ciência e Tecnologia Farroupilha;3.358.087,39;32.173.856,98;31.574.389,62;134.102,91
fev/24;26000 - Ministério da Educação;26420 - Instituto Federal de Educação, Ciência e Tecnologia Farroupilha;3.567.774,58;26.112.072,61;26.513.388,18;4.190.733,49
jun/24;26000 - Ministério da Educação;26434 - Instituto Federal de Educação, Ciência e Tecnologia Fluminense;10.473.829,51;50.155.500,15;42.253.923,17;2.115.897,65
jul/24;26000 - Ministério da Educação;26434 - Instituto Federal de Educação, Ciência e Tecnologia Fluminense;20.975.573,89;42.375.073,76;45.658.737,25;1.463.956,50
abr/24;26000 - Ministério da Educação;26434 - Instituto Federal de Educação, Ciência e Tecnologia Fluminense;3.787.412,13;39.224.395,01;37.985.412,50;3.872.338,72
mar/24;26000 - Ministério da Educação;26434 - Instituto Federal de Educação, Ciência e Tecnologia Fluminense;5.269.732,58;38.970.496,86;41.932.326,61;7.287.483,38
set/24;26000 - Ministério da Educação;26434 - Instituto Federal de Educação, Ciência e Tecnologia Fluminense;9.906.374,92;42.220.889,73;43.549.271,88;1.191.914,69
out/24;26000 - Ministério da Educação;26434 - Instituto Federal de Educação, Ciência e Tecnologia Fluminense;1.573.105,69;41.702.570,81;42.540.666,75;965.584,32
nov/24;26000 - Ministério da Educação;26434 - Instituto Federal de Educação, Ciência e Tecnologia Fluminense;28.120.663,93;64.469.407,41;48.731.888,93;752.071,69
dez/24;26000 - Ministério da Educação;26434 - Instituto Federal de Educação, Ciência e Tecnologia Fluminense;18.682.156,15;62.344.701,79;58.522.379,32;1.904.565,61
mai/24;26000 - Ministério da Educação;26434 - Instituto Federal de Educação, Ciência e Tecnologia Fluminense;10.247.776,77;41.986.861,16;40.499.982,85;3.441.778,78
ago/24;26000 - Ministério da Educação;26434 - Instituto Federal de Educação, Ciência e Tecnologia Fluminense;-2.728.183,44;43.564.444,97;47.214.504,20;954.244,42
jan/24;26000 - Ministério da Educação;26434 - Instituto Federal de Educação, Ciência e Tecnologia Fluminense;446.816.511,07;35.935.533,93;7.024.035,01;43.078.680,80
fev/24;26000 - Ministério da Educação;26434 - Instituto Federal de Educação, Ciência e Tecnologia Fluminense;3.756.199,82;37.082.228,13;31.914.531,39;8.974.923,26
fev/24;26000 - Ministério da Educação;26407 - Instituto Federal de Educação, Ciência e Tecnologia Goiano;5.553.623,35;32.279.969,56;31.732.586,68;9.156.345,66
out/24;26000 - Ministério da Educação;26407 - Instituto Federal de Educação, Ciência e Tecnologia Goiano;17.641.052,09;34.728.415,44;35.879.633,71;713.741,80
dez/24;26000 - Ministério da Educação;26407 - Instituto Federal de Educação, Ciência e Tecnologia Goiano;21.805.316,15;49.997.144,82;40.010.119,70;1.869.378,83
jan/24;26000 - Ministério da Educação;26407 - Instituto Federal de Educação, Ciência e Tecnologia Goiano;347.986.871,54;27.643.709,15;6.970.128,54;32.349.111,66
mai/24;26000 - Ministério da Educação;26407 - Instituto Federal de Educação, Ciência e Tecnologia Goiano;17.083.929,39;33.804.266,11;32.919.023,33;3.218.354,64
jun/24;26000 - Ministério da Educação;26407 - Instituto Federal de Educação, Ciência e Tecnologia Goiano;3.162.099,48;37.595.229,88;33.452.382,16;846.038,83
jul/24;26000 - Ministério da Educação;26407 - Instituto Federal de Educação, Ciência e Tecnologia Goiano;14.577.045,68;33.305.419,46;38.214.735,31;2.345.742,50
mar/24;26000 - Ministério da Educação;26407 - Instituto Federal de Educação, Ciência e Tecnologia Goiano;3.734.036,54;30.649.727,57;30.263.024,56;2.901.945,09
ago/24;26000 - Ministério da Educação;26407 - Instituto Federal de Educação, Ciência e Tecnologia Goiano;-5.334.122,39;37.376.850,62;35.104.674,17;531.844,59
nov/24;26000 - Ministério da Educação;26407 - Instituto Federal de Educação, Ciência e Tecnologia Goiano;1.633.153,63;53.991.224,30;45.141.042,88;368.326,10
abr/24;26000 - Ministério da Educação;26407 - Instituto Federal de Educação, Ciência e Tecnologia Goiano;31.369.939,27;32.117.825,34;31.318.220,53;4.181.789,78
set/24;26000 - Ministério da Educação;26407 - Instituto Federal de Educação, Ciência e Tecnologia Goiano;5.829.937,26;34.835.388,45;34.956.081,50;1.644.619,92
abr/24;26000 - Ministério da Educação;26436 - Instituto Federal de Educação, Ciência e Tecnologia Sul-rio-grandense;18.306.428,40;42.745.474,03;42.715.579,43;3.779.372,04
mar/24;26000 - Ministério da Educação;26436 - Instituto Federal de Educação, Ciência e Tecnologia Sul-rio-grandense;3.818.643,13;42.854.884,82;41.417.167,87;4.123.273,80
jun/24;26000 - Ministério da Educação;26436 - Instituto Federal de Educação, Ciência e Tecnologia Sul-rio-grandense;243.543.392,24;52.319.248,27;46.091.090,68;209.984,54
ago/24;26000 - Ministério da Educação;26436 - Instituto Federal de Educação, Ciência e Tecnologia Sul-rio-grandense;-5.791.624,79;46.631.066,13;47.660.229,75;516.812,10
mai/24;26000 - Ministério da Educação;26436 - Instituto Federal de Educação, Ciência e Tecnologia Sul-rio-grandense;6.262.582,22;46.186.430,21;43.366.014,49;370.173,08
set/24;26000 - Ministério da Educação;26436 - Instituto Federal de Educação, Ciência e Tecnologia Sul-rio-grandense;10.239.888,92;45.735.421,74;45.718.386,83;185.965,00
dez/24;26000 - Ministério da Educação;26436 - Instituto Federal de Educação, Ciência e Tecnologia Sul-rio-grandense;42.329.447,86;84.688.635,71;59.059.338,00;2.221.772,42
out/24;26000 - Ministério da Educação;26436 - Instituto Federal de Educação, Ciência e Tecnologia Sul-rio-grandense;35.280.190,18;46.711.998,07;46.748.098,44;697.547,12
jan/24;26000 - Ministério da Educação;26436 - Instituto Federal de Educação, Ciência e Tecnologia Sul-rio-grandense;243.101.543,83;39.633.768,47;8.236.158,54;56.492.333,28
fev/24;26000 - Ministério da Educação;26436 - Instituto Federal de Educação, Ciência e Tecnologia Sul-rio-grandense;5.934.785,87;39.745.399,85;35.685.965,22;10.118.743,45
jul/24;26000 - Ministério da Educação;26436 - Instituto Federal de Educação, Ciência e Tecnologia Sul-rio-grandense;21.763.244,64;46.638.864,20;52.255.815,74;434.079,43
nov/24;26000 - Ministério da Educação;26436 - Instituto Federal de Educação, Ciência e Tecnologia Sul-rio-grandense;5.932.667,26;66.859.869,25;54.234.449,15;278.101,99
mar/24;26000 - Ministério da Educação;26432 - Instituto Federal do Paraná;8.538.118,41;43.228.013,00;41.619.647,42;5.172.822,54
jun/24;26000 - Ministério da Educação;26432 - Instituto Federal do Paraná;29.736.919,78;61.725.663,71;49.382.456,37;2.027.660,81
out/24;26000 - Ministério da Educação;26432 - Instituto Federal do Paraná;4.694.343,07;48.692.700,40;48.357.763,97;912.565,58
ago/24;26000 - Ministério da Educação;26432 - Instituto Federal do Paraná;-2.385.966,86;46.442.503,74;46.531.002,49;891.278,59
set/24;26000 - Ministério da Educação;26432 - Instituto Federal do Paraná;11.543.009,70;48.186.573,50;46.318.445,03;1.233.695,79
jul/24;26000 - Ministério da Educação;26432 - Instituto Federal do Paraná;11.720.625,11;46.095.848,24;60.749.251,54;1.797.702,43
fev/24;26000 - Ministério da Educação;26432 - Instituto Federal do Paraná;401.257.608,14;40.274.356,20;34.923.904,11;11.009.926,87
jan/24;26000 - Ministério da Educação;26432 - Instituto Federal do Paraná;44.809.664,47;39.273.634,15;8.598.432,69;48.886.469,83
dez/24;26000 - Ministério da Educação;26432 - Instituto Federal do Paraná;31.091.956,88;61.837.004,00;63.390.431,88;1.390.236,42
abr/24;26000 - Ministério da Educação;26432 - Instituto Federal do Paraná;48.200.216,71;44.541.882,09;43.692.181,38;3.360.062,51
mai/24;26000 - Ministério da Educação;26432 - Instituto Federal do Paraná;7.786.283,34;50.100.658,49;46.009.058,23;3.736.335,80
nov/24;26000 - Ministério da Educação;26432 - Instituto Federal do Paraná;47.053.718,47;72.128.391,66;57.997.975,11;806.202,27
fev/24;26000 - Ministério da Educação;26290 - Instituto Nacional de Estudos e Pesquisas Educacionais Anísio Teixeira;205.549.803,55;12.200.419,13;10.818.394,57;115.652.095,09
out/24;26000 - Ministério da Educação;26290 - Instituto Nacional de Estudos e Pesquisas Educacionais Anísio Teixeira;31.911.199,03;84.529.815,85;86.506.367,13;8.830.877,14
abr/24;26000 - Ministério da Educação;26290 - Instituto Nacional de Estudos e Pesquisas Educacionais Anísio Teixeira;249.336.257,82;24.026.184,75;24.449.788,96;37.174.835,99
mar/24;26000 - Ministério da Educação;26290 - Instituto Nacional de Estudos e Pesquisas Educacionais Anísio Teixeira;24.935.574,25;24.583.764,48;22.426.827,55;41.182.884,84
ago/24;26000 - Ministério da Educação;26290 - Instituto Nacional de Estudos e Pesquisas Educacionais Anísio Teixeira;-78.350.702,90;27.448.763,34;29.449.201,98;695.207,89
jul/24;26000 - Ministério da Educação;26290 - Instituto Nacional de Estudos e Pesquisas Educacionais Anísio Teixeira;236.813.643,49;42.423.497,63;47.848.337,14;14.822.404,73
dez/24;26000 - Ministério da Educação;26290 - Instituto Nacional de Estudos e Pesquisas Educacionais Anísio Teixeira;14.244.396,76;298.972.091,46;297.037.838,13;3.056.545,67
nov/24;26000 - Ministério da Educação;26290 - Instituto Nacional de Estudos e Pesquisas Educacionais Anísio Teixeira;6.447.585,54;77.199.269,10;70.393.805,29;2.427,84
jan/24;26000 - Ministério da Educação;26290 - Instituto Nacional de Estudos e Pesquisas Educacionais Anísio Teixeira;91.556.924,46;7.842.273,19;1.562.532,15;99.666.050,26
jun/24;26000 - Ministério da Educação;26290 - Instituto Nacional de Estudos e Pesquisas Educacionais Anísio Teixeira;185.679.155,09;46.393.363,28;38.514.349,55;23.100.545,26
mai/24;26000 - Ministério da Educação;26290 - Instituto Nacional de Estudos e Pesquisas Educacionais Anísio Teixeira;58.125.140,90;30.856.652,22;31.449.361,91;9.397.178,95
set/24;26000 - Ministério da Educação;26290 - Instituto Nacional de Estudos e Pesquisas Educacionais Anísio Teixeira;-18.275.353,40;51.702.858,83;48.742.728,91;4.479.908,10
jun/24;26000 - Ministério da Educação;26000 - Ministério da Educação - Unidades com vínculo direto;57.601.643,35;106.457.305,60;89.150.231,90;13.391.070,25
ago/24;26000 - Ministério da Educação;26000 - Ministério da Educação - Unidades com vínculo direto;20.449.146,11;160.110.415,41;159.374.262,19;4.964.362,14
fev/24;26000 - Ministério da Educação;26000 - Ministério da Educação - Unidades com vínculo direto;29.634.387,45;65.671.563,90;48.903.356,47;26.553.566,98
jan/24;26000 - Ministério da Educação;26000 - Ministério da Educação - Unidades com vínculo direto;481.134.564,75;56.010.885,82;15.943.615,94;268.117.938,55
abr/24;26000 - Ministério da Educação;26000 - Ministério da Educação - Unidades com vínculo direto;167.259.240,44;101.157.898,89;82.808.176,73;11.484.851,31
nov/24;26000 - Ministério da Educação;26000 - Ministério da Educação - Unidades com vínculo direto;77.387.585,56;127.574.583,30;110.006.992,87;836.206,89
dez/24;26000 - Ministério da Educação;26000 - Ministério da Educação - Unidades com vínculo direto;226.701.562,19;217.466.843,43;191.046.157,82;15.521.385,28
mai/24;26000 - Ministério da Educação;26000 - Ministério da Educação - Unidades com vínculo direto;56.127.969,07;73.373.856,64;90.118.337,62;12.947.131,82
out/24;26000 - Ministério da Educação;26000 - Ministério da Educação - Unidades com vínculo direto;159.582.864,16;124.458.371,26;121.723.742,39;1.094.539,92
mar/24;26000 - Ministério da Educação;26000 - Ministério da Educação - Unidades com vínculo direto;25.182.708,84;65.369.377,81;79.790.810,21;10.112.826,67
jul/24;26000 - Ministério da Educação;26000 - Ministério da Educação - Unidades com vínculo direto;274.980.251,76;102.092.392,15;118.667.442,43;3.819.945,63
set/24;26000 - Ministério da Educação;26000 - Ministério da Educação - Unidades com vínculo direto;119.702.856,35;98.747.227,40;99.367.755,06;675.346,21
abr/24;26000 - Ministério da Educação;26442 - Universidade da Integração Internacional da Lusofonia Afro-Brasileira;12.001.511,05;14.609.203,53;14.365.889,72;661.468,19
mar/24;26000 - Ministério da Educação;26442 - Universidade da Integração Internacional da Lusofonia Afro-Brasileira;-2.160.001,00;14.032.973,69;13.042.949,45;1.545.754,80
jun/24;26000 - Ministério da Educação;26442 - Universidade da Integração Internacional da Lusofonia Afro-Brasileira;950.413,31;18.499.133,27;15.915.251,86;496.849,63
set/24;26000 - Ministério da Educação;26442 - Universidade da Integração Internacional da Lusofonia Afro-Brasileira;3.006.381,30;15.053.363,39;14.974.513,24;247.598,44
ago/24;26000 - Ministério da Educação;26442 - Universidade da Integração Internacional da Lusofonia Afro-Brasileira;4.478.155,40;15.362.008,67;15.850.706,70;1.773.802,18
jul/24;26000 - Ministério da Educação;26442 - Universidade da Integração Internacional da Lusofonia Afro-Brasileira;81.982.020,26;15.162.076,01;17.831.552,00;869.631,95
fev/24;26000 - Ministério da Educação;26442 - Universidade da Integração Internacional da Lusofonia Afro-Brasileira;12.989.209,58;13.540.192,09;11.652.988,57;3.701.167,90
dez/24;26000 - Ministério da Educação;26442 - Universidade da Integração Internacional da Lusofonia Afro-Brasileira;12.183.536,87;20.930.876,50;21.929.468,54;1.194.561,19
out/24;26000 - Ministério da Educação;26442 - Universidade da Integração Internacional da Lusofonia Afro-Brasileira;9.789.268,69;14.872.231,39;14.801.085,04;1.253.112,12
jan/24;26000 - Ministério da Educação;26442 - Universidade da Integração Internacional da Lusofonia Afro-Brasileira;69.056.858,15;12.148.704,30;2.162.437,79;16.091.897,18
nov/24;26000 - Ministério da Educação;26442 - Universidade da Integração Internacional da Lusofonia Afro-Brasileira;3.585.051,90;28.980.334,33;24.104.008,02;1.780.392,71
mai/24;26000 - Ministério da Educação;26442 - Universidade da Integração Internacional da Lusofonia Afro-Brasileira;4.059.800,65;15.645.946,39;15.183.517,10;1.758.960,66
abr/24;26000 - Ministério da Educação;26232 - Universidade Federal da Bahia;61.961.425,34;185.812.244,88;174.426.739,01;7.075.367,54
jun/24;26000 - Ministério da Educação;26232 - Universidade Federal da Bahia;73.797.041,22;230.266.520,45;184.790.989,99;8.081.338,68
mar/24;26000 - Ministério da Educação;26232 - Universidade Federal da Bahia;45.283.727,18;176.000.531,61;177.070.183,18;11.344.132,86
ago/24;26000 - Ministério da Educação;26232 - Universidade Federal da Bahia;38.421.935,38;196.564.732,86;184.115.335,56;1.031.223,39
out/24;26000 - Ministério da Educação;26232 - Universidade Federal da Bahia;44.912.550,90;175.758.980,43;180.787.112,48;301.360,03
set/24;26000 - Ministério da Educação;26232 - Universidade Federal da Bahia;18.295.180,33;177.026.880,16;187.860.344,43;392.876,78
nov/24;26000 - Ministério da Educação;26232 - Universidade Federal da Bahia;6.343.856,41;264.992.782,39;204.804.381,02;110.271,63
fev/24;26000 - Ministério da Educação;26232 - Universidade Federal da Bahia;24.728.375,43;160.746.446,42;143.731.141,80;32.847.800,25
jan/24;26000 - Ministério da Educação;26232 - Universidade Federal da Bahia;1.849.497.382,76;151.534.536,16;26.068.171,87;168.254.016,49
mai/24;26000 - Ministério da Educação;26232 - Universidade Federal da Bahia;115.455.618,30;190.715.871,79;182.050.023,56;8.614.752,52
jul/24;26000 - Ministério da Educação;26232 - Universidade Federal da Bahia;31.268.180,69;179.459.607,69;236.113.748,58;691.195,33
dez/24;26000 - Ministério da Educação;26232 - Universidade Federal da Bahia;37.880.681,29;207.903.631,48;255.318.880,11;1.005.050,54
out/24;26000 - Ministério da Educação;26440 - Universidade Federal da Fronteira Sul;38.123.764,38;29.874.071,34;29.204.937,47;551.390,92
jul/24;26000 - Ministério da Educação;26440 - Universidade Federal da Fronteira Sul;8.685.112,25;28.438.999,79;35.067.444,46;1.842.940,85
fev/24;26000 - Ministério da Educação;26440 - Universidade Federal da Fronteira Sul;57.842.621,55;23.604.395,90;21.198.406,10;7.310.548,04
mai/24;26000 - Ministério da Educação;26440 - Universidade Federal da Fronteira Sul;135.647.325,07;28.627.265,64;26.793.398,59;3.002.449,30
ago/24;26000 - Ministério da Educação;26440 - Universidade Federal da Fronteira Sul;4.268.708,50;29.387.929,26;28.288.828,72;1.167.659,38
mar/24;26000 - Ministério da Educação;26440 - Universidade Federal da Fronteira Sul;8.541.455,12;24.367.542,33;23.949.713,86;2.987.430,57
abr/24;26000 - Ministério da Educação;26440 - Universidade Federal da Fronteira Sul;10.254.394,14;25.696.971,99;25.120.602,54;3.209.080,41
jan/24;26000 - Ministério da Educação;26440 - Universidade Federal da Fronteira Sul;41.274.822,42;23.613.499,01;4.928.943,64;31.627.538,98
jun/24;26000 - Ministério da Educação;26440 - Universidade Federal da Fronteira Sul;18.192.624,89;34.760.121,19;27.881.633,70;2.004.722,44
nov/24;26000 - Ministério da Educação;26440 - Universidade Federal da Fronteira Sul;26.531.961,07;41.272.470,58;33.771.899,59;238.160,00
dez/24;26000 - Ministério da Educação;26440 - Universidade Federal da Fronteira Sul;27.217.482,54;37.728.783,28;40.085.086,50;1.217.858,98
set/24;26000 - Ministério da Educação;26440 - Universidade Federal da Fronteira Sul;3.483.430,21;28.462.766,26;28.881.244,22;349.608,82
abr/24;26000 - Ministério da Educação;26267 - Universidade Federal da Integração Latino-Americana;42.029.080,50;15.416.565,64;16.219.788,98;1.566.748,21
jun/24;26000 - Ministério da Educação;26267 - Universidade Federal da Integração Latino-Americana;3.177.958,67;18.778.697,21;15.517.285,81;2.648.372,20
ago/24;26000 - Ministério da Educação;26267 - Universidade Federal da Integração Latino-Americana;1.476.955,72;16.342.802,42;14.832.386,02;1.043.301,73
dez/24;26000 - Ministério da Educação;26267 - Universidade Federal da Integração Latino-Americana;3.078.093,72;19.133.097,49;21.741.585,06;38.293,27
jan/24;26000 - Ministério da Educação;26267 - Universidade Federal da Integração Latino-Americana;67.071.743,55;13.744.569,24;3.309.528,30;16.251.820,93
out/24;26000 - Ministério da Educação;26267 - Universidade Federal da Integração Latino-Americana;2.467.962,42;16.506.192,40;16.468.713,15;70.675,95
fev/24;26000 - Ministério da Educação;26267 - Universidade Federal da Integração Latino-Americana;2.881.106,99;15.756.757,63;13.307.106,98;2.786.710,30
mai/24;26000 - Ministério da Educação;26267 - Universidade Federal da Integração Latino-Americana;10.218.463,49;16.167.264,83;15.196.117,96;895.542,46
nov/24;26000 - Ministério da Educação;26267 - Universidade Federal da Integração Latino-Americana;9.525.552,39;23.816.591,12;17.571.900,39;6.631,56
mar/24;26000 - Ministério da Educação;26267 - Universidade Federal da Integração Latino-Americana;3.742.794,41;15.150.469,87;14.766.250,98;3.874.968,03
set/24;26000 - Ministério da Educação;26267 - Universidade Federal da Integração Latino-Americana;2.450.352,82;17.569.801,78;18.580.443,37;512.973,58
jul/24;26000 - Ministério da Educação;26267 - Universidade Federal da Integração Latino-Americana;67.239.011,19;16.613.579,98;21.185.588,79;1.956.107,93
nov/24;26000 - Ministério da Educação;26240 - Universidade Federal da Paraíba;84.346.799,82;257.596.820,18;202.711.258,88;1.196.027,70
fev/24;26000 - Ministério da Educação;26240 - Universidade Federal da Paraíba;1.803.124.084,07;159.139.317,28;142.581.660,90;27.681.163,04
dez/24;26000 - Ministério da Educação;26240 - Universidade Federal da Paraíba;42.363.272,34;224.349.499,50;215.815.287,94;9.572.085,96
ago/24;26000 - Ministério da Educação;26240 - Universidade Federal da Paraíba;3.310.728,57;172.869.706,38;171.718.939,79;2.831.394,50
jun/24;26000 - Ministério da Educação;26240 - Universidade Federal da Paraíba;28.480.423,93;207.531.347,17;172.368.974,97;3.738.255,92
mai/24;26000 - Ministério da Educação;26240 - Universidade Federal da Paraíba;23.520.807,42;174.885.125,32;170.288.398,28;5.293.009,07
mar/24;26000 - Ministério da Educação;26240 - Universidade Federal da Paraíba;24.812.253,73;166.000.827,87;161.831.058,66;10.058.315,14
out/24;26000 - Ministério da Educação;26240 - Universidade Federal da Paraíba;21.940.177,47;179.833.502,79;179.905.724,99;1.725.194,77
abr/24;26000 - Ministério da Educação;26240 - Universidade Federal da Paraíba;50.690.738,65;167.135.253,54;166.574.685,58;6.722.817,75
jul/24;26000 - Ministério da Educação;26240 - Universidade Federal da Paraíba;27.487.120,32;172.686.795,95;209.767.025,63;6.364.792,62
set/24;26000 - Ministério da Educação;26240 - Universidade Federal da Paraíba;8.266.077,17;174.057.849,69;172.128.486,28;2.034.781,53
jan/24;26000 - Ministério da Educação;26240 - Universidade Federal da Paraíba;172.144.193,83;160.464.361,00;26.994.377,53;203.662.417,20
jun/24;26000 - Ministério da Educação;26231 - Universidade Federal de Alagoas;23.868.607,68;116.287.407,80;93.990.946,70;894.919,56
jan/24;26000 - Ministério da Educação;26231 - Universidade Federal de Alagoas;1.023.428.980,11;81.608.122,60;16.907.827,20;97.561.834,12
mai/24;26000 - Ministério da Educação;26231 - Universidade Federal de Alagoas;27.043.892,04;94.080.437,32;87.136.950,80;909.700,50
out/24;26000 - Ministério da Educação;26231 - Universidade Federal de Alagoas;14.337.524,11;89.247.023,26;101.277.710,59;746.778,18
set/24;26000 - Ministério da Educação;26231 - Universidade Federal de Alagoas;22.296.397,07;104.400.282,70;92.447.914,45;876.296,06
jul/24;26000 - Ministério da Educação;26231 - Universidade Federal de Alagoas;10.154.589,43;93.371.140,55;120.504.354,41;1.945.907,79
dez/24;26000 - Ministério da Educação;26231 - Universidade Federal de Alagoas;53.607.751,32;129.149.259,35;116.290.104,84;1.038.465,14
abr/24;26000 - Ministério da Educação;26231 - Universidade Federal de Alagoas;49.949.913,10;84.140.007,98;85.505.493,87;4.434.852,12
mar/24;26000 - Ministério da Educação;26231 - Universidade Federal de Alagoas;6.393.963,10;89.063.232,18;86.529.353,36;8.300.809,75
fev/24;26000 - Ministério da Educação;26231 - Universidade Federal de Alagoas;11.595.475,32;81.079.675,07;80.952.267,32;6.457.115,99
ago/24;26000 - Ministério da Educação;26231 - Universidade Federal de Alagoas;3.125.291,39;89.167.249,67;88.230.936,46;969.679,19
nov/24;26000 - Ministério da Educação;26231 - Universidade Federal de Alagoas;-8.478.082,94;133.521.777,74;103.513.651,74;1.022.650,69
set/24;26000 - Ministério da Educação;26260 - Universidade Federal de Alfenas;44.970.366,42;25.476.706,92;24.422.097,22;1.696.531,58
mar/24;26000 - Ministério da Educação;26260 - Universidade Federal de Alfenas;861.914,94;22.416.736,56;21.645.897,59;1.349.920,37
jul/24;26000 - Ministério da Educação;26260 - Universidade Federal de Alfenas;15.478.585,84;23.712.269,53;30.530.172,09;1.439.711,55
nov/24;26000 - Ministério da Educação;26260 - Universidade Federal de Alfenas;13.012.248,94;37.105.266,01;28.250.457,87;794.179,77
fev/24;26000 - Ministério da Educação;26260 - Universidade Federal de Alfenas;3.925.131,54;19.824.646,13;18.496.245,48;5.811.617,90
mai/24;26000 - Ministério da Educação;26260 - Universidade Federal de Alfenas;12.542.423,15;25.220.567,29;22.938.680,61;1.196.469,10
jun/24;26000 - Ministério da Educação;26260 - Universidade Federal de Alfenas;11.303.619,76;30.559.518,49;24.666.030,69;919.074,39
out/24;26000 - Ministério da Educação;26260 - Universidade Federal de Alfenas;2.257.728,98;23.687.966,71;23.936.756,19;3.716.141,61
dez/24;26000 - Ministério da Educação;26260 - Universidade Federal de Alfenas;9.133.815,69;31.161.659,18;31.689.247,01;121.335,77
jan/24;26000 - Ministério da Educação;26260 - Universidade Federal de Alfenas;191.292.587,67;21.394.932,90;4.796.882,10;28.805.564,29
abr/24;26000 - Ministério da Educação;26260 - Universidade Federal de Alfenas;7.209.577,63;22.894.532,56;23.220.170,84;1.949.824,38
ago/24;26000 - Ministério da Educação;26260 - Universidade Federal de Alfenas;6.201.935,22;22.542.720,51;22.393.462,89;1.259.242,78
jul/24;26000 - Ministério da Educação;26252 - Universidade Federal de Campina Grande;29.135.833,69;67.456.520,76;83.957.535,77;732.022,08
jan/24;26000 - Ministério da Educação;26252 - Universidade Federal de Campina Grande;829.106.412,40;65.592.955,14;13.769.031,06;85.731.459,64
set/24;26000 - Ministério da Educação;26252 - Universidade Federal de Campina Grande;7.028.140,35;71.467.025,86;73.471.533,70;1.422.321,31
nov/24;26000 - Ministério da Educação;26252 - Universidade Federal de Campina Grande;1.181.942,39;106.592.032,69;85.555.171,66;811.684,75
fev/24;26000 - Ministério da Educação;26252 - Universidade Federal de Campina Grande;4.915.355,81;65.833.687,83;58.820.810,98;12.455.341,79
mar/24;26000 - Ministério da Educação;26252 - Universidade Federal de Campina Grande;6.673.522,91;67.851.453,92;67.250.771,33;5.860.793,51
mai/24;26000 - Ministério da Educação;26252 - Universidade Federal de Campina Grande;20.152.044,97;79.655.919,78;69.626.157,67;4.869.765,38
dez/24;26000 - Ministério da Educação;26252 - Universidade Federal de Campina Grande;16.435.356,21;96.959.001,76;89.783.288,35;909.546,60
jun/24;26000 - Ministério da Educação;26252 - Universidade Federal de Campina Grande;2.088.324,11;84.279.053,49;71.814.124,99;1.843.374,86
ago/24;26000 - Ministério da Educação;26252 - Universidade Federal de Campina Grande;4.808.445,52;74.636.736,10;74.944.239,69;2.040.365,24
abr/24;26000 - Ministério da Educação;26252 - Universidade Federal de Campina Grande;7.153.288,43;69.033.568,12;68.487.981,13;1.826.868,29
out/24;26000 - Ministério da Educação;26252 - Universidade Federal de Campina Grande;13.621.382,56;76.277.687,94;72.396.358,55;1.078.352,61
mai/24;26000 - Ministério da Educação;26452 - Universidade Federal de Catalão;4.263.907,74;11.214.949,40;10.380.508,13;805.478,55
mar/24;26000 - Ministério da Educação;26452 - Universidade Federal de Catalão;1.563.428,28;9.639.202,79;10.320.084,85;899.966,27
fev/24;26000 - Ministério da Educação;26452 - Universidade Federal de Catalão;46.344.305,11;10.578.816,28;8.384.128,38;2.034.933,77
nov/24;26000 - Ministério da Educação;26452 - Universidade Federal de Catalão;3.985.958,54;13.851.674,67;11.170.681,04;569.449,49
out/24;26000 - Ministério da Educação;26452 - Universidade Federal de Catalão;19.967.507,39;10.436.704,67;10.612.067,91;1.021.653,87
set/24;26000 - Ministério da Educação;26452 - Universidade Federal de Catalão;8.974.299,37;10.583.476,68;10.304.743,66;1.247.870,32
jun/24;26000 - Ministério da Educação;26452 - Universidade Federal de Catalão;28.327.050,19;12.626.012,11;10.493.702,15;640.032,70
dez/24;26000 - Ministério da Educação;26452 - Universidade Federal de Catalão;14.116.748,37;21.699.446,40;12.914.700,94;887.877,67
abr/24;26000 - Ministério da Educação;26452 - Universidade Federal de Catalão;4.553.287,51;11.752.813,18;11.241.998,75;532.531,29
jan/24;26000 - Ministério da Educação;26452 - Universidade Federal de Catalão;10.007.408,56;8.785.955,36;2.191.552,53;9.934.872,42
ago/24;26000 - Ministério da Educação;26452 - Universidade Federal de Catalão;1.176.819,62;15.362.376,45;15.101.006,93;814.092,86
jul/24;26000 - Ministério da Educação;26452 - Universidade Federal de Catalão;6.456.314,35;9.666.739,22;12.979.068,91;618.476,54
ago/24;26000 - Ministério da Educação;26235 - Universidade Federal de Goiás;6.865.426,34;120.578.125,56;126.767.474,21;5.087.652,36
fev/24;26000 - Ministério da Educação;26235 - Universidade Federal de Goiás;18.161.790,67;116.951.455,07;101.887.104,40;14.847.523,43
set/24;26000 - Ministério da Educação;26235 - Universidade Federal de Goiás;21.154.824,54;129.448.924,39;132.135.383,42;886.381,69
mai/24;26000 - Ministério da Educação;26235 - Universidade Federal de Goiás;36.121.038,47;126.128.111,36;123.561.242,45;5.086.117,03
out/24;26000 - Ministério da Educação;26235 - Universidade Federal de Goiás;28.352.924,00;135.703.439,92;128.562.905,00;541.509,09
jun/24;26000 - Ministério da Educação;26235 - Universidade Federal de Goiás;18.256.725,78;156.839.177,81;119.285.437,24;6.630.290,75
dez/24;26000 - Ministério da Educação;26235 - Universidade Federal de Goiás;81.461.929,24;140.521.771,08;175.920.853,50;1.661.204,02
abr/24;26000 - Ministério da Educação;26235 - Universidade Federal de Goiás;58.473.110,63;123.318.063,05;114.219.143,00;17.411.886,40
mar/24;26000 - Ministério da Educação;26235 - Universidade Federal de Goiás;11.411.104,63;115.129.402,11;115.207.339,04;18.670.861,95
nov/24;26000 - Ministério da Educação;26235 - Universidade Federal de Goiás;66.500.598,07;184.030.147,66;159.867.737,36;444.085,69
jul/24;26000 - Ministério da Educação;26235 - Universidade Federal de Goiás;9.779.352,16;120.055.893,94;157.302.295,42;2.127.691,74
jan/24;26000 - Ministério da Educação;26235 - Universidade Federal de Goiás;1.300.441.595,89;114.678.934,72;20.052.346,62;115.905.310,23
jan/24;26000 - Ministério da Educação;26261 - Universidade Federal de Itajubá;253.010.701,77;20.543.469,73;4.147.037,63;24.636.007,98
jul/24;26000 - Ministério da Educação;26261 - Universidade Federal de Itajubá;6.412.510,52;22.690.361,36;28.773.804,40;427.201,64
mar/24;26000 - Ministério da Educação;26261 - Universidade Federal de Itajubá;2.763.055,70;19.522.811,19;19.219.537,16;3.236.976,46
fev/24;26000 - Ministério da Educação;26261 - Universidade Federal de Itajubá;2.948.268,26;19.279.414,76;18.124.165,47;5.196.717,34
dez/24;26000 - Ministério da Educação;26261 - Universidade Federal de Itajubá;7.221.804,96;28.628.651,08;29.280.497,13;660.650,22
out/24;26000 - Ministério da Educação;26261 - Universidade Federal de Itajubá;3.786.816,31;22.968.614,33;23.105.358,53;341.880,31
mai/24;26000 - Ministério da Educação;26261 - Universidade Federal de Itajubá;5.588.638,05;21.745.945,90;20.430.864,38;1.621.357,14
jun/24;26000 - Ministério da Educação;26261 - Universidade Federal de Itajubá;5.614.135,49;27.902.915,38;22.158.434,00;1.067.661,48
ago/24;26000 - Ministério da Educação;26261 - Universidade Federal de Itajubá;1.199.944,04;23.267.702,22;22.519.222,62;303.530,24
abr/24;26000 - Ministério da Educação;26261 - Universidade Federal de Itajubá;2.453.186,39;20.321.986,87;20.440.068,31;3.832.737,43
nov/24;26000 - Ministério da Educação;26261 - Universidade Federal de Itajubá;2.286.795,74;33.971.518,77;26.155.618,89;219.160,00
set/24;26000 - Ministério da Educação;26261 - Universidade Federal de Itajubá;4.697.480,00;22.836.263,60;23.293.008,23;215.256,01
jan/24;26000 - Ministério da Educação;26453 - Universidade Federal de Jataí;111.265.530,41;9.266.651,11;2.210.110,51;7.560.759,61
nov/24;26000 - Ministério da Educação;26453 - Universidade Federal de Jataí;-212.579,42;16.423.851,73;12.927.857,22;4.460,40
fev/24;26000 - Ministério da Educação;26453 - Universidade Federal de Jataí;4.676.256,94;10.913.421,24;8.975.348,42;671.701,17
jun/24;26000 - Ministério da Educação;26453 - Universidade Federal de Jataí;4.034.862,09;14.113.894,37;12.236.834,60;18.515,65
out/24;26000 - Ministério da Educação;26453 - Universidade Federal de Jataí;712.873,16;10.293.305,83;10.785.157,48;45.966,21
set/24;26000 - Ministério da Educação;26453 - Universidade Federal de Jataí;-6.576.259,02;11.055.975,47;10.909.110,63;41.996,48
mai/24;26000 - Ministério da Educação;26453 - Universidade Federal de Jataí;11.713.319,15;12.516.920,89;10.482.693,18;224.991,93
mar/24;26000 - Ministério da Educação;26453 - Universidade Federal de Jataí;-1.624.432,91;10.059.655,26;11.927.758,98;867.149,76
abr/24;26000 - Ministério da Educação;26453 - Universidade Federal de Jataí;3.469.105,78;10.385.637,92;9.998.734,98;61.471,01
jul/24;26000 - Ministério da Educação;26453 - Universidade Federal de Jataí;2.130.336,53;11.656.442,85;13.780.523,84;4.662,07
dez/24;26000 - Ministério da Educação;26453 - Universidade Federal de Jataí;6.042.673,42;13.085.958,20;14.065.204,44;99,64
ago/24;26000 - Ministério da Educação;26453 - Universidade Federal de Jataí;10.926.836,16;11.675.719,04;11.472.643,86;198.484,17
mai/24;26000 - Ministério da Educação;26237 - Universidade Federal de Juiz de Fora;36.434.302,15;97.979.427,81;92.868.973,87;7.440.991,27
out/24;26000 - Ministério da Educação;26237 - Universidade Federal de Juiz de Fora;22.605.498,85;99.959.552,23;100.356.250,12;2.266.810,15
abr/24;26000 - Ministério da Educação;26237 - Universidade Federal de Juiz de Fora;26.118.130,56;91.655.663,83;92.492.456,14;5.970.312,33
fev/24;26000 - Ministério da Educação;26237 - Universidade Federal de Juiz de Fora;10.692.326,93;81.043.165,49;85.377.307,78;26.806.727,80
mar/24;26000 - Ministério da Educação;26237 - Universidade Federal de Juiz de Fora;24.357.052,36;86.171.120,12;85.436.779,37;4.492.974,20
jul/24;26000 - Ministério da Educação;26237 - Universidade Federal de Juiz de Fora;137.378.981,03;114.790.071,78;137.683.575,45;3.331.886,95
jun/24;26000 - Ministério da Educação;26237 - Universidade Federal de Juiz de Fora;20.992.494,88;115.060.955,40;94.644.860,21;2.239.203,62
ago/24;26000 - Ministério da Educação;26237 - Universidade Federal de Juiz de Fora;-9.385.145,08;92.825.170,37;91.626.864,10;3.566.524,50
nov/24;26000 - Ministério da Educação;26237 - Universidade Federal de Juiz de Fora;-2.230.402,37;155.882.389,81;129.209.159,33;293.307,81
dez/24;26000 - Ministério da Educação;26237 - Universidade Federal de Juiz de Fora;90.766.879,66;113.607.552,82;122.507.211,36;692.668,44
set/24;26000 - Ministério da Educação;26237 - Universidade Federal de Juiz de Fora;2.144.806,23;86.446.488,75;86.270.030,57;687.939,02
jan/24;26000 - Ministério da Educação;26237 - Universidade Federal de Juiz de Fora;959.288.841,47;77.687.518,27;832.613,23;114.969.492,10
abr/24;26000 - Ministério da Educação;26263 - Universidade Federal de Lavras;190.537.151,85;38.326.828,25;38.124.218,26;1.409.175,09
mar/24;26000 - Ministério da Educação;26263 - Universidade Federal de Lavras;4.809.568,97;37.599.942,38;37.234.411,30;2.979.557,71
mai/24;26000 - Ministério da Educação;26263 - Universidade Federal de Lavras;26.311.574,18;39.660.201,69;37.796.971,64;2.223.140,27
set/24;26000 - Ministério da Educação;26263 - Universidade Federal de Lavras;37.831.128,26;37.720.055,42;38.538.115,94;297.445,24
out/24;26000 - Ministério da Educação;26263 - Universidade Federal de Lavras;5.370.913,21;38.063.918,84;38.408.817,69;157.945,10
dez/24;26000 - Ministério da Educação;26263 - Universidade Federal de Lavras;21.936.201,39;44.031.002,03;47.621.849,52;282.442,69
jul/24;26000 - Ministério da Educação;26263 - Universidade Federal de Lavras;4.282.176,29;38.723.109,91;47.640.566,98;671.928,58
ago/24;26000 - Ministério da Educação;26263 - Universidade Federal de Lavras;8.013.236,03;40.148.200,47;38.947.823,43;733.640,01
jan/24;26000 - Ministério da Educação;26263 - Universidade Federal de Lavras;166.445.414,38;32.726.502,73;6.330.059,01;41.619.307,33
nov/24;26000 - Ministério da Educação;26263 - Universidade Federal de Lavras;21.481.203,02;56.456.564,59;43.494.040,82;92.449,21
jun/24;26000 - Ministério da Educação;26263 - Universidade Federal de Lavras;14.287.523,11;47.175.815,26;39.155.219,06;1.418.521,23
fev/24;26000 - Ministério da Educação;26263 - Universidade Federal de Lavras;3.435.596,08;33.364.736,86;29.995.961,44;15.964.292,11
set/24;26000 - Ministério da Educação;26238 - Universidade Federal de Minas Gerais;35.337.516,55;214.114.961,31;223.924.061,36;1.379.156,05
out/24;26000 - Ministério da Educação;26238 - Universidade Federal de Minas Gerais;28.505.866,74;222.059.213,38;216.882.932,64;3.681.447,55
dez/24;26000 - Ministério da Educação;26238 - Universidade Federal de Minas Gerais;140.163.889,48;296.406.024,25;324.562.638,93;3.699.776,95
abr/24;26000 - Ministério da Educação;26238 - Universidade Federal de Minas Gerais;85.394.388,33;227.864.487,99;209.452.842,86;4.107.514,59
fev/24;26000 - Ministério da Educação;26238 - Universidade Federal de Minas Gerais;24.673.634,89;202.728.243,42;181.746.720,22;39.844.656,54
mar/24;26000 - Ministério da Educação;26238 - Universidade Federal de Minas Gerais;27.550.370,45;203.117.407,66;204.912.009,88;17.410.316,45
jun/24;26000 - Ministério da Educação;26238 - Universidade Federal de Minas Gerais;11.154.478,64;289.066.560,67;218.896.187,45;838.092,20
ago/24;26000 - Ministério da Educação;26238 - Universidade Federal de Minas Gerais;-35.604.815,94;218.594.206,78;225.137.486,41;1.061.545,83
mai/24;26000 - Ministério da Educação;26238 - Universidade Federal de Minas Gerais;66.263.344,89;225.395.090,61;225.761.146,55;6.747.404,61
nov/24;26000 - Ministério da Educação;26238 - Universidade Federal de Minas Gerais;70.103.825,16;339.127.244,39;258.937.298,31;1.189.234,20
jul/24;26000 - Ministério da Educação;26238 - Universidade Federal de Minas Gerais;61.276.064,80;231.818.899,79;293.229.713,37;2.428.438,03
jan/24;26000 - Ministério da Educação;26238 - Universidade Federal de Minas Gerais;2.472.784.514,37;199.768.562,24;35.224.464,01;252.007.401,25
jan/24;26000 - Ministério da Educação;26277 - Universidade Federal de Ouro Preto;276.309.405,34;39.555.415,84;6.964.019,03;42.373.808,91
abr/24;26000 - Ministério da Educação;26277 - Universidade Federal de Ouro Preto;135.545.629,96;42.241.251,56;42.137.446,93;944.893,01
jun/24;26000 - Ministério da Educação;26277 - Universidade Federal de Ouro Preto;6.948.557,54;54.939.574,76;42.909.171,46;888.840,67
jul/24;26000 - Ministério da Educação;26277 - Universidade Federal de Ouro Preto;4.512.824,99;43.475.547,71;56.628.482,41;2.044.546,87
fev/24;26000 - Ministério da Educação;26277 - Universidade Federal de Ouro Preto;6.157.246,03;41.725.976,05;35.190.315,23;8.242.319,65
nov/24;26000 - Ministério da Educação;26277 - Universidade Federal de Ouro Preto;52.626.531,07;63.368.422,13;41.448.116,82;267.036,04
set/24;26000 - Ministério da Educação;26277 - Universidade Federal de Ouro Preto;24.718.561,15;45.012.469,12;43.508.798,05;405.684,23
out/24;26000 - Ministério da Educação;26277 - Universidade Federal de Ouro Preto;18.403.883,96;44.654.695,88;47.170.643,15;578.350,88
mai/24;26000 - Ministério da Educação;26277 - Universidade Federal de Ouro Preto;1.516.133,19;43.466.784,30;42.778.172,19;2.492.351,11
dez/24;26000 - Ministério da Educação;26277 - Universidade Federal de Ouro Preto;28.897.187,22;49.304.662,79;63.277.158,74;2.678.726,43
ago/24;26000 - Ministério da Educação;26277 - Universidade Federal de Ouro Preto;1.068.881,47;45.557.481,95;45.228.395,42;518.093,20
mar/24;26000 - Ministério da Educação;26277 - Universidade Federal de Ouro Preto;6.915.529,86;42.227.338,96;43.454.739,43;3.073.658,69
mai/24;26000 - Ministério da Educação;26242 - Universidade Federal de Pernambuco;29.193.422,46;170.693.999,25;166.312.963,34;4.121.864,31
jan/24;26000 - Ministério da Educação;26242 - Universidade Federal de Pernambuco;1.916.377.084,14;149.446.624,10;26.787.829,78;176.834.722,55
jul/24;26000 - Ministério da Educação;26242 - Universidade Federal de Pernambuco;28.404.856,98;173.145.733,02;214.230.659,48;13.229.684,71
dez/24;26000 - Ministério da Educação;26242 - Universidade Federal de Pernambuco;84.569.796,66;248.564.148,11;227.633.367,97;2.803.780,97
nov/24;26000 - Ministério da Educação;26242 - Universidade Federal de Pernambuco;45.579.533,77;254.885.201,84;197.566.559,82;610.868,28
fev/24;26000 - Ministério da Educação;26242 - Universidade Federal de Pernambuco;14.005.690,57;156.711.154,67;133.862.640,10;36.084.729,73
abr/24;26000 - Ministério da Educação;26242 - Universidade Federal de Pernambuco;54.861.539,36;163.315.137,19;158.387.086,87;6.732.879,48
mar/24;26000 - Ministério da Educação;26242 - Universidade Federal de Pernambuco;25.285.323,79;161.184.589,69;157.367.830,04;35.714.230,60
set/24;26000 - Ministério da Educação;26242 - Universidade Federal de Pernambuco;21.552.874,88;178.739.481,48;167.478.526,42;8.088.492,66
jun/24;26000 - Ministério da Educação;26242 - Universidade Federal de Pernambuco;39.152.868,86;215.113.372,42;168.849.231,44;3.734.845,07
out/24;26000 - Ministério da Educação;26242 - Universidade Federal de Pernambuco;31.694.657,78;167.586.390,49;179.753.930,95;1.741.668,27
ago/24;26000 - Ministério da Educação;26242 - Universidade Federal de Pernambuco;33.347.910,05;168.537.872,03;167.946.447,90;2.945.868,63
jan/24;26000 - Ministério da Educação;26454 - Universidade Federal de Rondonópolis;110.762.349,94;6.404.427,90;569.523,50;10.519.218,04
abr/24;26000 - Ministério da Educação;26454 - Universidade Federal de Rondonópolis;8.704.882,73;9.421.525,70;9.065.322,26;1.016.798,74
set/24;26000 - Ministério da Educação;26454 - Universidade Federal de Rondonópolis;320.559,58;9.956.173,80;10.102.698,51;9.250,00
out/24;26000 - Ministério da Educação;26454 - Universidade Federal de Rondonópolis;2.467.636,00;10.167.648,60;10.300.546,13;32.936,92
mai/24;26000 - Ministério da Educação;26454 - Universidade Federal de Rondonópolis;8.766.539,32;10.752.863,66;8.743.301,46;371.003,58
jun/24;26000 - Ministério da Educação;26454 - Universidade Federal de Rondonópolis;6.529.168,02;11.087.002,62;10.578.421,57;163.655,72
dez/24;26000 - Ministério da Educação;26454 - Universidade Federal de Rondonópolis;5.496.716,69;13.917.081,55;12.387.103,53;0
jul/24;26000 - Ministério da Educação;26454 - Universidade Federal de Rondonópolis;-9.085.714,34;9.320.559,37;11.402.464,74;60.450,86
nov/24;26000 - Ministério da Educação;26454 - Universidade Federal de Rondonópolis;-2.517.940,10;14.301.868,70;11.740.009,33;2.017,86
fev/24;26000 - Ministério da Educação;26454 - Universidade Federal de Rondonópolis;4.381.773,65;7.593.880,74;6.659.116,15;3.134.471,27
mar/24;26000 - Ministério da Educação;26454 - Universidade Federal de Rondonópolis;-2.180.410,72;7.727.769,61;7.632.509,68;1.090.905,87
ago/24;26000 - Ministério da Educação;26454 - Universidade Federal de Rondonópolis;1.253.314,26;9.743.810,13;9.226.426,72;26.973,06
abr/24;26000 - Ministério da Educação;26250 - Universidade Federal de Roraima;9.571.052,45;22.529.589,94;22.472.590,33;3.729.714,04
jan/24;26000 - Ministério da Educação;26250 - Universidade Federal de Roraima;212.751.662,75;21.829.062,54;5.954.640,35;20.993.311,73
out/24;26000 - Ministério da Educação;26250 - Universidade Federal de Roraima;1.512.011,04;24.674.349,09;24.591.407,31;534.827,98
fev/24;26000 - Ministério da Educação;26250 - Universidade Federal de Roraima;5.098.769,67;19.932.967,72;17.777.732,87;2.336.949,65
mar/24;26000 - Ministério da Educação;26250 - Universidade Federal de Roraima;4.483.375,96;20.785.904,58;20.593.012,60;8.129.421,72
mai/24;26000 - Ministério da Educação;26250 - Universidade Federal de Roraima;10.082.336,15;24.937.117,68;21.829.575,77;1.808.570,13
ago/24;26000 - Ministério da Educação;26250 - Universidade Federal de Roraima;4.536.647,40;24.188.562,53;23.333.774,09;516.621,46
nov/24;26000 - Ministério da Educação;26250 - Universidade Federal de Roraima;13.137.792,20;43.883.321,67;36.787.279,92;493.885,28
dez/24;26000 - Ministério da Educação;26250 - Universidade Federal de Roraima;22.850.465,75;29.491.293,59;31.171.852,34;1.002.071,17
set/24;26000 - Ministério da Educação;26250 - Universidade Federal de Roraima;2.536.348,61;24.089.690,59;24.359.464,91;900.014,20
jun/24;26000 - Ministério da Educação;26250 - Universidade Federal de Roraima;47.544.184,16;30.070.342,71;25.271.966,63;2.661.424,55
jul/24;26000 - Ministério da Educação;26250 - Universidade Federal de Roraima;6.429.873,54;23.081.306,71;30.282.151,48;1.799.892,56
mar/24;26000 - Ministério da Educação;26246 - Universidade Federal de Santa Catarina;36.809.430,18;156.901.495,44;151.430.672,59;12.849.682,64
out/24;26000 - Ministério da Educação;26246 - Universidade Federal de Santa Catarina;25.040.973,36;179.863.904,34;174.105.340,42;5.574.342,61
dez/24;26000 - Ministério da Educação;26246 - Universidade Federal de Santa Catarina;105.994.995,28;217.278.620,72;222.000.469,37;251.179,09
jun/24;26000 - Ministério da Educação;26246 - Universidade Federal de Santa Catarina;27.316.082,92;227.528.855,57;183.736.234,81;7.689.085,58
set/24;26000 - Ministério da Educação;26246 - Universidade Federal de Santa Catarina;31.645.714,37;174.569.489,46;174.677.284,97;1.490.734,59
nov/24;26000 - Ministério da Educação;26246 - Universidade Federal de Santa Catarina;69.601.881,66;255.266.185,92;205.466.675,05;578.944,10
jul/24;26000 - Ministério da Educação;26246 - Universidade Federal de Santa Catarina;39.767.375,43;173.940.745,88;228.909.616,50;3.149.931,33
mai/24;26000 - Ministério da Educação;26246 - Universidade Federal de Santa Catarina;69.695.296,28;192.672.413,38;176.171.005,40;13.813.587,76
abr/24;26000 - Ministério da Educação;26246 - Universidade Federal de Santa Catarina;69.949.769,97;196.117.683,17;167.799.950,27;14.231.735,09
ago/24;26000 - Ministério da Educação;26246 - Universidade Federal de Santa Catarina;-1.833.080,64;171.425.537,25;184.416.449,23;7.132.739,33
fev/24;26000 - Ministério da Educação;26246 - Universidade Federal de Santa Catarina;11.945.665,73;152.836.374,54;140.948.006,10;36.082.342,30
jan/24;26000 - Ministério da Educação;26246 - Universidade Federal de Santa Catarina;1.824.540.590,09;155.490.473,18;26.992.040,24;191.082.183,22
mai/24;26000 - Ministério da Educação;26247 - Universidade Federal de Santa Maria;51.638.871,75;134.649.883,80;125.389.474,67;942.058,23
dez/24;26000 - Ministério da Educação;26247 - Universidade Federal de Santa Maria;-2.817.683,04;189.737.688,08;178.609.482,23;1.105.898,48
jul/24;26000 - Ministério da Educação;26247 - Universidade Federal de Santa Maria;41.567.579,76;133.647.692,79;166.259.387,61;1.487.394,94
abr/24;26000 - Ministério da Educação;26247 - Universidade Federal de Santa Maria;15.786.752,70;126.507.050,27;129.644.334,58;4.865.887,82
jan/24;26000 - Ministério da Educação;26247 - Universidade Federal de Santa Maria;1.509.789.495,17;138.275.368,98;33.896.335,14;127.459.077,47
jun/24;26000 - Ministério da Educação;26247 - Universidade Federal de Santa Maria;54.228.893,06;160.853.934,70;131.209.397,47;883.353,61
fev/24;26000 - Ministério da Educação;26247 - Universidade Federal de Santa Maria;11.253.778,29;124.985.062,58;130.029.483,58;9.289.101,38
out/24;26000 - Ministério da Educação;26247 - Universidade Federal de Santa Maria;8.813.381,09;134.989.546,54;135.885.074,48;926.799,48
ago/24;26000 - Ministério da Educação;26247 - Universidade Federal de Santa Maria;5.365.564,77;138.892.955,64;132.153.913,22;548.416,44
nov/24;26000 - Ministério da Educação;26247 - Universidade Federal de Santa Maria;61.815.645,92;191.983.229,98;147.318.443,25;766.219,21
mar/24;26000 - Ministério da Educação;26247 - Universidade Federal de Santa Maria;12.096.777,66;127.175.412,86;126.130.224,00;3.496.311,22
set/24;26000 - Ministério da Educação;26247 - Universidade Federal de Santa Maria;2.809.537,35;133.488.288,05;142.285.964,04;1.031.020,00
set/24;26000 - Ministério da Educação;26262 - Universidade Federal de São Paulo;37.827.315,89;120.445.258,34;119.857.166,72;6.729.093,07
mai/24;26000 - Ministério da Educação;26262 - Universidade Federal de São Paulo;53.926.663,07;130.570.217,12;125.047.037,71;5.524.747,55
dez/24;26000 - Ministério da Educação;26262 - Universidade Federal de São Paulo;47.306.490,02;146.523.329,95;158.945.745,46;9.153.359,69
ago/24;26000 - Ministério da Educação;26262 - Universidade Federal de São Paulo;68.468.344,16;129.070.651,42;127.273.864,29;3.554.905,46
out/24;26000 - Ministério da Educação;26262 - Universidade Federal de São Paulo;8.044.750,00;137.339.879,93;136.040.322,71;2.168.018,09
jan/24;26000 - Ministério da Educação;26262 - Universidade Federal de São Paulo;1.304.551.510,49;111.494.996,88;12.669.223,89;143.861.997,67
jun/24;26000 - Ministério da Educação;26262 - Universidade Federal de São Paulo;1.993.039,29;168.479.941,88;129.157.690,18;3.472.841,21
abr/24;26000 - Ministério da Educação;26262 - Universidade Federal de São Paulo;25.787.712,44;126.595.020,03;135.133.439,68;9.876.775,80
nov/24;26000 - Ministério da Educação;26262 - Universidade Federal de São Paulo;78.574.644,97;188.610.397,39;135.247.644,06;1.125.661,21
jul/24;26000 - Ministério da Educação;26262 - Universidade Federal de São Paulo;23.413.804,07;125.308.556,97;168.096.558,98;3.640.328,40
mar/24;26000 - Ministério da Educação;26262 - Universidade Federal de São Paulo;13.281.137,86;129.614.408,92;120.107.501,72;7.572.839,20
fev/24;26000 - Ministério da Educação;26262 - Universidade Federal de São Paulo;41.716.737,49;118.020.814,51;119.119.116,28;13.781.028,66
set/24;26000 - Ministério da Educação;26282 - Universidade Federal de Viçosa;9.125.322,39;86.379.135,84;78.510.222,75;1.602.400,96
out/24;26000 - Ministério da Educação;26282 - Universidade Federal de Viçosa;26.792.547,09;88.493.458,78;90.722.184,79;1.627.339,43
abr/24;26000 - Ministério da Educação;26282 - Universidade Federal de Viçosa;16.204.727,27;82.274.763,82;81.806.149,44;4.654.449,51
mar/24;26000 - Ministério da Educação;26282 - Universidade Federal de Viçosa;5.780.325,57;80.916.030,39;77.411.984,38;8.137.352,82
jul/24;26000 - Ministério da Educação;26282 - Universidade Federal de Viçosa;23.064.166,84;84.252.094,39;110.706.627,53;8.756.711,49
nov/24;26000 - Ministério da Educação;26282 - Universidade Federal de Viçosa;5.360.982,64;129.257.713,47;97.620.911,56;1.181.850,67
jun/24;26000 - Ministério da Educação;26282 - Universidade Federal de Viçosa;39.467.829,19;109.523.179,49;87.259.638,27;4.051.463,33
jan/24;26000 - Ministério da Educação;26282 - Universidade Federal de Viçosa;997.689.183,61;78.319.857,20;12.551.638,69;80.446.095,28
mai/24;26000 - Ministério da Educação;26282 - Universidade Federal de Viçosa;11.948.997,07;87.142.876,52;81.442.234,83;7.495.712,51
dez/24;26000 - Ministério da Educação;26282 - Universidade Federal de Viçosa;4.949.384,28;108.738.712,51;126.983.244,77;1.067.278,98
ago/24;26000 - Ministério da Educação;26282 - Universidade Federal de Viçosa;-14.363.195,66;88.651.950,84;84.757.323,02;818.368,97
fev/24;26000 - Ministério da Educação;26282 - Universidade Federal de Viçosa;9.461.969,02;76.707.171,48;78.205.307,71;6.874.581,34
ago/24;26000 - Ministério da Educação;26456 - Universidade Federal do Agreste de Pernambuco;6.164.152,87;6.229.636,21;6.286.219,47;115.733,82
mar/24;26000 - Ministério da Educação;26456 - Universidade Federal do Agreste de Pernambuco;9.887.571,89;10.205.508,32;6.125.904,55;393.092,26
fev/24;26000 - Ministério da Educação;26456 - Universidade Federal do Agreste de Pernambuco;6.811.775,93;6.161.774,88;4.856.428,42;1.064.287,04
jul/24;26000 - Ministério da Educação;26456 - Universidade Federal do Agreste de Pernambuco;6.924.747,83;5.974.653,51;7.316.517,40;341.584,35
jun/24;26000 - Ministério da Educação;26456 - Universidade Federal do Agreste de Pernambuco;7.644.088,19;7.165.738,80;5.978.740,94;41.798,02
jan/24;26000 - Ministério da Educação;26456 - Universidade Federal do Agreste de Pernambuco;5.662.796,07;5.374.303,26;1.195.418,05;6.959.500,69
dez/24;26000 - Ministério da Educação;26456 - Universidade Federal do Agreste de Pernambuco;6.538.502,06;9.349.621,82;8.949.282,81;74.144,15
mai/24;26000 - Ministério da Educação;26456 - Universidade Federal do Agreste de Pernambuco;1.635.034,17;2.006.232,33;5.638.680,86;105.385,79
abr/24;26000 - Ministério da Educação;26456 - Universidade Federal do Agreste de Pernambuco;7.889.278,27;6.055.333,68;6.421.486,53;520.436,88
set/24;26000 - Ministério da Educação;26456 - Universidade Federal do Agreste de Pernambuco;6.025.202,43;6.441.880,40;6.155.206,86;40.612,98
nov/24;26000 - Ministério da Educação;26456 - Universidade Federal do Agreste de Pernambuco;6.973.883,11;9.492.216,34;7.473.513,37;44.944,91
out/24;26000 - Ministério da Educação;26456 - Universidade Federal do Agreste de Pernambuco;11.214.573,10;6.778.940,79;6.477.716,27;496.688,28
ago/24;26000 - Ministério da Educação;26449 - Universidade Federal do Cariri;3.344.330,35;12.880.033,50;12.549.293,21;71.250,18
nov/24;26000 - Ministério da Educação;26449 - Universidade Federal do Cariri;1.336.094,92;18.616.895,79;16.002.203,77;75.941,19
jul/24;26000 - Ministério da Educação;26449 - Universidade Federal do Cariri;2.164.801,47;12.123.623,74;14.194.692,68;66.998,56
dez/24;26000 - Ministério da Educação;26449 - Universidade Federal do Cariri;6.532.985,13;17.278.234,04;18.125.752,20;40.784,55
fev/24;26000 - Ministério da Educação;26449 - Universidade Federal do Cariri;1.749.220,97;10.077.094,52;8.837.918,45;2.545.812,44
mar/24;26000 - Ministério da Educação;26449 - Universidade Federal do Cariri;2.845.598,67;11.045.926,96;10.729.819,76;1.803.644,53
jun/24;26000 - Ministério da Educação;26449 - Universidade Federal do Cariri;138.954,74;15.103.424,14;13.016.677,35;157.375,15
abr/24;26000 - Ministério da Educação;26449 - Universidade Federal do Cariri;14.963.847,05;11.364.754,46;11.524.819,94;2.333.945,99
jan/24;26000 - Ministério da Educação;26449 - Universidade Federal do Cariri;122.613.022,38;9.860.075,48;2.201.517,77;13.961.388,28
mai/24;26000 - Ministério da Educação;26449 - Universidade Federal do Cariri;1.252.299,66;13.367.833,58;11.947.858,55;398.727,46
out/24;26000 - Ministério da Educação;26449 - Universidade Federal do Cariri;3.167.171,59;14.210.019,26;13.399.113,53;23.595,62
set/24;26000 - Ministério da Educação;26449 - Universidade Federal do Cariri;5.451.815,39;13.306.652,15;14.000.317,71;55.196,43
jan/24;26000 - Ministério da Educação;26233 - Universidade Federal do Ceará;1.724.252.803,30;135.824.293,28;22.946.669,42;177.978.314,48
abr/24;26000 - Ministério da Educação;26233 - Universidade Federal do Ceará;72.286.002,30;150.296.661,16;163.078.932,64;4.608.407,71
dez/24;26000 - Ministério da Educação;26233 - Universidade Federal do Ceará;28.973.016,84;171.898.526,38;175.217.231,93;3.024.113,62
fev/24;26000 - Ministério da Educação;26233 - Universidade Federal do Ceará;15.711.204,13;138.927.604,68;125.698.040,46;7.178.357,71
mai/24;26000 - Ministério da Educação;26233 - Universidade Federal do Ceará;8.940.689,48;152.834.726,07;145.342.762,69;6.535.484,62
nov/24;26000 - Ministério da Educação;26233 - Universidade Federal do Ceará;4.917.704,35;226.090.638,82;178.093.661,53;4.382.878,38
jul/24;26000 - Ministério da Educação;26233 - Universidade Federal do Ceará;28.922.500,66;154.849.384,16;198.423.872,28;4.921.433,77
jun/24;26000 - Ministério da Educação;26233 - Universidade Federal do Ceará;19.028.523,87;197.569.377,15;155.157.093,77;6.501.938,61
mar/24;26000 - Ministério da Educação;26233 - Universidade Federal do Ceará;18.917.545,62;141.008.278,13;138.925.245,34;7.685.178,39
set/24;26000 - Ministério da Educação;26233 - Universidade Federal do Ceará;33.848.990,56;155.615.415,75;167.885.270,16;2.620.442,03
ago/24;26000 - Ministério da Educação;26233 - Universidade Federal do Ceará;2.384.467,53;152.418.118,66;141.171.237,65;3.355.892,83
out/24;26000 - Ministério da Educação;26233 - Universidade Federal do Ceará;12.267.115,70;158.740.745,21;157.594.030,45;2.682.277,59
mai/24;26000 - Ministério da Educação;26455 - Universidade Federal do Delta do Parnaíba;8.830.143,68;8.184.749,84;7.228.982,81;475.776,75
fev/24;26000 - Ministério da Educação;26455 - Universidade Federal do Delta do Parnaíba;7.804.650,30;6.298.754,43;5.328.219,92;2.329.540,51
mar/24;26000 - Ministério da Educação;26455 - Universidade Federal do Delta do Parnaíba;5.523.067,91;6.785.746,71;6.651.174,35;1.161.661,90
jun/24;26000 - Ministério da Educação;26455 - Universidade Federal do Delta do Parnaíba;10.162.790,01;10.141.346,38;8.079.430,09;140.816,21
set/24;26000 - Ministério da Educação;26455 - Universidade Federal do Delta do Parnaíba;8.306.795,35;8.503.753,54;7.840.550,37;69.345,81
dez/24;26000 - Ministério da Educação;26455 - Universidade Federal do Delta do Parnaíba;10.936.422,58;12.133.801,10;11.626.701,59;169.807,81
ago/24;26000 - Ministério da Educação;26455 - Universidade Federal do Delta do Parnaíba;8.078.027,91;8.001.406,28;9.379.955,34;66.797,26
abr/24;26000 - Ministério da Educação;26455 - Universidade Federal do Delta do Parnaíba;8.230.592,52;7.114.336,59;6.963.797,29;542.188,15
jan/24;26000 - Ministério da Educação;26455 - Universidade Federal do Delta do Parnaíba;7.162.872,21;5.808.668,58;1.317.620,56;9.393.727,53
jul/24;26000 - Ministério da Educação;26455 - Universidade Federal do Delta do Parnaíba;8.770.997,66;9.315.935,15;10.357.524,00;243.765,08
nov/24;26000 - Ministério da Educação;26455 - Universidade Federal do Delta do Parnaíba;14.534.952,03;11.534.354,14;9.882.626,68;49.110,18
out/24;26000 - Ministério da Educação;26455 - Universidade Federal do Delta do Parnaíba;8.984.311,40;8.396.819,60;8.125.805,97;132.096,64
mar/24;26000 - Ministério da Educação;26234 - Universidade Federal do Espírito Santo;9.632.637,82;92.553.896,14;92.788.369,01;4.358.281,72
dez/24;26000 - Ministério da Educação;26234 - Universidade Federal do Espírito Santo;51.374.858,50;124.623.708,58;135.232.962,89;344.881,00
ago/24;26000 - Ministério da Educação;26234 - Universidade Federal do Espírito Santo;11.023.609,46;97.396.717,32;99.193.119,52;1.546.016,78
jan/24;26000 - Ministério da Educação;26234 - Universidade Federal do Espírito Santo;1.080.519.850,29;92.156.035,44;14.963.764,06;105.232.494,91
nov/24;26000 - Ministério da Educação;26234 - Universidade Federal do Espírito Santo;36.185.990,25;143.202.676,29;108.617.801,26;87.009,77
out/24;26000 - Ministério da Educação;26234 - Universidade Federal do Espírito Santo;13.321.831,50;98.275.862,80;97.209.212,41;315.500,63
jun/24;26000 - Ministério da Educação;26234 - Universidade Federal do Espírito Santo;21.702.502,70;126.795.921,81;101.632.020,67;1.096.794,37
fev/24;26000 - Ministério da Educação;26234 - Universidade Federal do Espírito Santo;8.477.443,74;90.007.035,19;92.716.549,18;5.354.905,50
jul/24;26000 - Ministério da Educação;26234 - Universidade Federal do Espírito Santo;14.100.994,35;100.770.195,92;127.831.320,40;554.658,54
set/24;26000 - Ministério da Educação;26234 - Universidade Federal do Espírito Santo;20.311.938,84;98.860.238,26;99.563.240,95;367.213,29
mai/24;26000 - Ministério da Educação;26234 - Universidade Federal do Espírito Santo;20.572.456,42;101.695.480,60;96.445.445,70;2.751.138,99
abr/24;26000 - Ministério da Educação;26234 - Universidade Federal do Espírito Santo;24.686.017,44;96.795.978,25;95.157.059,58;5.315.664,34
fev/24;26000 - Ministério da Educação;26269 - Universidade Federal do Estado do Rio de Janeiro;6.423.632,51;49.580.423,49;50.479.712,47;792.151,77
abr/24;26000 - Ministério da Educação;26269 - Universidade Federal do Estado do Rio de Janeiro;3.793.901,56;49.849.039,27;48.623.607,14;1.237.871,81
mar/24;26000 - Ministério da Educação;26269 - Universidade Federal do Estado do Rio de Janeiro;5.389.196,89;49.685.752,63;49.289.613,75;3.263.492,57
jul/24;26000 - Ministério da Educação;26269 - Universidade Federal do Estado do Rio de Janeiro;12.140.512,08;51.846.954,59;67.387.329,44;1.378.248,97
ago/24;26000 - Ministério da Educação;26269 - Universidade Federal do Estado do Rio de Janeiro;5.782.002,27;52.527.709,74;51.208.057,67;886.632,47
jun/24;26000 - Ministério da Educação;26269 - Universidade Federal do Estado do Rio de Janeiro;108.313.754,99;67.168.824,65;54.849.122,56;1.580.185,46
set/24;26000 - Ministério da Educação;26269 - Universidade Federal do Estado do Rio de Janeiro;4.577.462,44;50.461.593,13;50.293.630,54;2.427.348,78
dez/24;26000 - Ministério da Educação;26269 - Universidade Federal do Estado do Rio de Janeiro;19.574.520,66;61.586.080,75;64.675.155,26;1.831.108,56
mai/24;26000 - Ministério da Educação;26269 - Universidade Federal do Estado do Rio de Janeiro;15.354.828,48;55.756.016,72;53.344.792,02;1.873.295,81
out/24;26000 - Ministério da Educação;26269 - Universidade Federal do Estado do Rio de Janeiro;8.047.880,71;52.779.141,66;53.942.341,44;224.679,05
nov/24;26000 - Ministério da Educação;26269 - Universidade Federal do Estado do Rio de Janeiro;15.163.338,47;79.312.930,27;54.213.009,59;1.575.035,71
jan/24;26000 - Ministério da Educação;26269 - Universidade Federal do Estado do Rio de Janeiro;587.298.283,10;47.573.238,12;8.892.357,04;48.519.667,63
nov/24;26000 - Ministério da Educação;26457 - Universidade Federal do Norte do Tocantins;14.771.454,46;15.336.801,16;11.886.332,62;296.402,79
out/24;26000 - Ministério da Educação;26457 - Universidade Federal do Norte do Tocantins;3.579.631,57;10.292.091,12;10.105.226,88;411.612,53
dez/24;26000 - Ministério da Educação;26457 - Universidade Federal do Norte do Tocantins;7.466.790,45;13.634.750,29;13.676.400,76;171.970,88
set/24;26000 - Ministério da Educação;26457 - Universidade Federal do Norte do Tocantins;278.013,89;10.280.372,10;10.387.143,62;132.996,22
ago/24;26000 - Ministério da Educação;26457 - Universidade Federal do Norte do Tocantins;-141.204,92;9.823.640,69;10.091.753,63;255.248,49
abr/24;26000 - Ministério da Educação;26457 - Universidade Federal do Norte do Tocantins;2.336.167,54;8.171.875,94;8.101.294,64;263.300,00
jun/24;26000 - Ministério da Educação;26457 - Universidade Federal do Norte do Tocantins;3.412.851,90;13.049.218,33;9.884.924,60;134.350,19
jul/24;26000 - Ministério da Educação;26457 - Universidade Federal do Norte do Tocantins;5.451.073,56;9.711.322,41;12.323.189,42;367.939,89
fev/24;26000 - Ministério da Educação;26457 - Universidade Federal do Norte do Tocantins;253.797,05;7.688.389,87;6.739.824,28;1.586.172,45
mar/24;26000 - Ministério da Educação;26457 - Universidade Federal do Norte do Tocantins;276.166,50;7.896.605,89;7.797.636,92;407.870,34
mai/24;26000 - Ministério da Educação;26457 - Universidade Federal do Norte do Tocantins;7.927.756,87;9.044.909,99;8.440.540,52;277.911,58
jan/24;26000 - Ministério da Educação;26457 - Universidade Federal do Norte do Tocantins;90.249.339,80;7.712.168,29;1.701.471,38;9.487.801,88
jan/24;26000 - Ministério da Educação;26447 - Universidade Federal do Oeste da Bahia;113.946.083,13;9.463.702,79;1.726.061,48;15.241.899,90
abr/24;26000 - Ministério da Educação;26447 - Universidade Federal do Oeste da Bahia;10.021.686,74;11.048.155,36;11.246.460,95;878.475,16
ago/24;26000 - Ministério da Educação;26447 - Universidade Federal do Oeste da Bahia;41.563,75;12.105.476,76;12.175.611,97;576.497,64
fev/24;26000 - Ministério da Educação;26447 - Universidade Federal do Oeste da Bahia;-2.408.041,58;9.947.787,44;8.579.084,84;2.992.955,45
jun/24;26000 - Ministério da Educação;26447 - Universidade Federal do Oeste da Bahia;615.087,00;13.781.481,06;11.010.077,07;418.303,45
nov/24;26000 - Ministério da Educação;26447 - Universidade Federal do Oeste da Bahia;-1.039.602,14;15.393.005,22;12.115.610,40;196.639,75
jul/24;26000 - Ministério da Educação;26447 - Universidade Federal do Oeste da Bahia;8.865.565,73;10.645.580,93;13.667.074,50;537.174,02
mar/24;26000 - Ministério da Educação;26447 - Universidade Federal do Oeste da Bahia;7.017.772,50;10.009.398,56;9.808.663,26;1.828.920,69
dez/24;26000 - Ministério da Educação;26447 - Universidade Federal do Oeste da Bahia;3.175.422,29;16.024.854,62;16.120.776,27;710.106,55
set/24;26000 - Ministério da Educação;26447 - Universidade Federal do Oeste da Bahia;1.861.471,33;11.329.826,27;11.046.248,66;119.656,58
mai/24;26000 - Ministério da Educação;26447 - Universidade Federal do Oeste da Bahia;5.058.505,28;11.281.780,38;10.918.293,03;720.338,07
out/24;26000 - Ministério da Educação;26447 - Universidade Federal do Oeste da Bahia;3.584.208,70;12.698.275,15;13.338.572,24;235.762,05
fev/24;26000 - Ministério da Educação;26441 - Universidade Federal do Oeste do Pará;12.983.189,71;18.240.527,67;14.642.217,18;3.031.682,80
abr/24;26000 - Ministério da Educação;26441 - Universidade Federal do Oeste do Pará;7.541.102,16;20.453.015,09;19.953.469,51;1.157.190,66
mar/24;26000 - Ministério da Educação;26441 - Universidade Federal do Oeste do Pará;-3.173.827,24;16.772.383,81;18.738.810,97;2.102.952,36
jul/24;26000 - Ministério da Educação;26441 - Universidade Federal do Oeste do Pará;19.316.921,14;21.499.432,45;27.926.867,86;727.942,24
jun/24;26000 - Ministério da Educação;26441 - Universidade Federal do Oeste do Pará;10.528.704,81;27.533.978,83;20.426.293,50;1.263.430,82
nov/24;26000 - Ministério da Educação;26441 - Universidade Federal do Oeste do Pará;1.463.648,98;31.374.467,55;26.378.402,74;352.809,63
out/24;26000 - Ministério da Educação;26441 - Universidade Federal do Oeste do Pará;1.771.842,90;23.062.154,56;23.167.702,91;252.509,29
ago/24;26000 - Ministério da Educação;26441 - Universidade Federal do Oeste do Pará;-1.085.650,76;21.131.838,92;20.864.821,63;609.560,01
dez/24;26000 - Ministério da Educação;26441 - Universidade Federal do Oeste do Pará;10.388.682,53;29.661.604,19;27.780.784,73;520.061,46
mai/24;26000 - Ministério da Educação;26441 - Universidade Federal do Oeste do Pará;6.454.866,23;20.551.374,47;19.506.098,66;1.449.078,11
set/24;26000 - Ministério da Educação;26441 - Universidade Federal do Oeste do Pará;9.072.980,80;20.451.998,75;21.362.761,85;383.766,37
jan/24;26000 - Ministério da Educação;26441 - Universidade Federal do Oeste do Pará;200.654.857,20;16.268.514,07;3.797.440,67;20.823.500,18
ago/24;26000 - Ministério da Educação;26241 - Universidade Federal do Paraná;48.313.555,50;171.222.258,26;170.454.676,70;1.455.230,31
abr/24;26000 - Ministério da Educação;26241 - Universidade Federal do Paraná;38.859.671,43;161.138.037,41;160.864.639,75;5.351.594,02
set/24;26000 - Ministério da Educação;26241 - Universidade Federal do Paraná;19.958.462,63;167.561.668,81;168.268.763,80;2.257.828,26
out/24;26000 - Ministério da Educação;26241 - Universidade Federal do Paraná;211.139.375,98;184.528.276,44;180.960.950,35;473.005,33
mar/24;26000 - Ministério da Educação;26241 - Universidade Federal do Paraná;13.550.416,52;161.165.322,79;154.414.204,25;17.565.944,29
jul/24;26000 - Ministério da Educação;26241 - Universidade Federal do Paraná;11.260.121,97;172.082.345,43;221.489.889,58;5.070.632,35
jun/24;26000 - Ministério da Educação;26241 - Universidade Federal do Paraná;36.877.892,05;215.899.629,22;174.908.229,72;4.923.141,10
jan/24;26000 - Ministério da Educação;26241 - Universidade Federal do Paraná;1.654.840.414,55;150.765.123,37;30.534.373,07;163.395.233,70
fev/24;26000 - Ministério da Educação;26241 - Universidade Federal do Paraná;18.094.864,36;150.574.292,79;136.100.805,99;35.998.210,35
dez/24;26000 - Ministério da Educação;26241 - Universidade Federal do Paraná;57.947.617,32;206.580.171,99;223.002.821,13;448.737,52
mai/24;26000 - Ministério da Educação;26241 - Universidade Federal do Paraná;57.593.128,34;174.112.204,00;163.754.113,82;8.379.877,91
nov/24;26000 - Ministério da Educação;26241 - Universidade Federal do Paraná;69.361.878,40;259.772.420,72;207.494.849,48;1.137.025,62
jun/24;26000 - Ministério da Educação;26239 - Universidade Federal do Pará;139.518.516,02;195.587.354,30;163.652.195,11;3.765.938,91
ago/24;26000 - Ministério da Educação;26239 - Universidade Federal do Pará;6.749.163,92;149.285.773,63;148.500.236,76;2.462.784,05
out/24;26000 - Ministério da Educação;26239 - Universidade Federal do Pará;125.988.578,25;139.360.334,41;139.676.839,07;5.188.728,04
abr/24;26000 - Ministério da Educação;26239 - Universidade Federal do Pará;44.785.060,63;147.729.148,01;137.714.646,57;5.962.156,78
jul/24;26000 - Ministério da Educação;26239 - Universidade Federal do Pará;389.627.623,18;147.728.500,58;177.378.618,52;5.620.899,53
mar/24;26000 - Ministério da Educação;26239 - Universidade Federal do Pará;21.567.344,64;130.700.179,06;136.226.456,97;7.747.513,62
jan/24;26000 - Ministério da Educação;26239 - Universidade Federal do Pará;773.550.154,82;132.782.345,20;24.137.785,17;130.552.377,02
mai/24;26000 - Ministério da Educação;26239 - Universidade Federal do Pará;52.553.220,59;153.937.642,17;141.130.388,80;2.869.086,02
set/24;26000 - Ministério da Educação;26239 - Universidade Federal do Pará;12.854.443,59;138.392.903,79;144.533.308,07;2.232.454,69
nov/24;26000 - Ministério da Educação;26239 - Universidade Federal do Pará;303.630.343,51;217.787.614,58;163.521.444,61;1.110.096,50
dez/24;26000 - Ministério da Educação;26239 - Universidade Federal do Pará;27.158.618,23;169.392.710,82;187.710.920,91;912.678,61
fev/24;26000 - Ministério da Educação;26239 - Universidade Federal do Pará;-3.477.199,06;136.315.784,04;137.602.739,59;12.101.178,41
set/24;26000 - Ministério da Educação;26351 - Universidade Federal do Recôncavo da Bahia;17.448.632,68;37.426.790,39;34.594.959,73;546.863,39
jul/24;26000 - Ministério da Educação;26351 - Universidade Federal do Recôncavo da Bahia;3.087.276,98;32.789.579,76;38.272.443,97;730.673,41
mai/24;26000 - Ministério da Educação;26351 - Universidade Federal do Recôncavo da Bahia;15.469.867,34;33.858.314,36;31.980.383,28;3.954.402,69
abr/24;26000 - Ministério da Educação;26351 - Universidade Federal do Recôncavo da Bahia;22.019.884,27;30.448.199,20;29.958.042,64;11.893.046,60
jan/24;26000 - Ministério da Educação;26351 - Universidade Federal do Recôncavo da Bahia;345.857.299,27;27.693.884,75;5.750.872,41;26.167.390,60
ago/24;26000 - Ministério da Educação;26351 - Universidade Federal do Recôncavo da Bahia;1.756.045,02;32.458.805,69;31.992.652,39;2.037.544,99
jun/24;26000 - Ministério da Educação;26351 - Universidade Federal do Recôncavo da Bahia;4.486.560,51;40.685.389,20;34.833.976,07;769.460,05
out/24;26000 - Ministério da Educação;26351 - Universidade Federal do Recôncavo da Bahia;2.931.014,26;34.123.944,64;34.619.750,76;133.321,28
mar/24;26000 - Ministério da Educação;26351 - Universidade Federal do Recôncavo da Bahia;3.128.946,11;28.273.824,47;28.001.981,10;4.344.387,47
nov/24;26000 - Ministério da Educação;26351 - Universidade Federal do Recôncavo da Bahia;7.799.742,72;55.252.993,13;43.872.301,61;745.784,99
fev/24;26000 - Ministério da Educação;26351 - Universidade Federal do Recôncavo da Bahia;2.336.521,08;26.984.544,85;24.647.593,25;6.756.786,07
dez/24;26000 - Ministério da Educação;26351 - Universidade Federal do Recôncavo da Bahia;15.449.992,70;44.535.405,00;48.612.800,08;713.120,00
abr/24;26000 - Ministério da Educação;26245 - Universidade Federal do Rio de Janeiro;51.083.537,40;342.408.952,27;337.306.672,22;8.060.934,31
set/24;26000 - Ministério da Educação;26245 - Universidade Federal do Rio de Janeiro;246.181.812,83;340.651.672,12;343.865.288,81;1.066.172,68
out/24;26000 - Ministério da Educação;26245 - Universidade Federal do Rio de Janeiro;372.831.101,84;345.179.428,40;345.067.846,08;3.686.540,87
dez/24;26000 - Ministério da Educação;26245 - Universidade Federal do Rio de Janeiro;152.242.724,99;418.838.706,08;475.392.800,45;1.418.077,19
mar/24;26000 - Ministério da Educação;26245 - Universidade Federal do Rio de Janeiro;40.536.948,79;332.318.271,49;328.664.241,44;16.415.371,32
jul/24;26000 - Ministério da Educação;26245 - Universidade Federal do Rio de Janeiro;119.467.446,82;361.149.540,80;458.977.198,59;4.840.177,42
ago/24;26000 - Ministério da Educação;26245 - Universidade Federal do Rio de Janeiro;61.057.625,48;353.738.863,04;345.234.656,04;1.118.191,85
jun/24;26000 - Ministério da Educação;26245 - Universidade Federal do Rio de Janeiro;32.871.694,78;445.459.801,65;358.816.965,85;1.797.103,27
nov/24;26000 - Ministério da Educação;26245 - Universidade Federal do Rio de Janeiro;192.320.558,67;530.439.402,90;411.120.099,40;852.028,95
mai/24;26000 - Ministério da Educação;26245 - Universidade Federal do Rio de Janeiro;208.964.356,56;377.049.113,84;357.237.830,55;14.283.854,51
jan/24;26000 - Ministério da Educação;26245 - Universidade Federal do Rio de Janeiro;3.124.700.256,44;340.200.348,64;71.176.817,82;339.646.368,64
fev/24;26000 - Ministério da Educação;26245 - Universidade Federal do Rio de Janeiro;44.253.348,96;325.736.340,62;301.251.699,83;50.590.057,51
out/24;26000 - Ministério da Educação;26273 - Universidade Federal do Rio Grande;14.819.089,91;52.940.919,22;54.517.876,53;56.094,64
jul/24;26000 - Ministério da Educação;26273 - Universidade Federal do Rio Grande;9.328.286,99;55.993.469,07;68.043.946,80;84.684,09
jan/24;26000 - Ministério da Educação;26273 - Universidade Federal do Rio Grande;621.163.820,99;48.718.770,01;8.489.933,74;55.380.803,09
jun/24;26000 - Ministério da Educação;26273 - Universidade Federal do Rio Grande;14.816.148,01;71.863.643,00;56.236.809,85;93.506,80
dez/24;26000 - Ministério da Educação;26273 - Universidade Federal do Rio Grande;-250.754,11;57.461.336,17;66.385.798,44;348.747,42
mai/24;26000 - Ministério da Educação;26273 - Universidade Federal do Rio Grande;10.624.832,82;57.002.777,68;54.850.393,67;1.104.912,74
ago/24;26000 - Ministério da Educação;26273 - Universidade Federal do Rio Grande;7.600.816,48;55.555.651,16;60.057.949,21;83.888,55
set/24;26000 - Ministério da Educação;26273 - Universidade Federal do Rio Grande;9.277.463,99;58.248.387,29;56.963.632,11;100.339,21
abr/24;26000 - Ministério da Educação;26273 - Universidade Federal do Rio Grande;13.259.416,94;51.918.616,16;49.358.501,25;912.569,78
nov/24;26000 - Ministério da Educação;26273 - Universidade Federal do Rio Grande;-2.639.481,58;81.499.828,61;64.143.274,39;15.012,75
fev/24;26000 - Ministério da Educação;26273 - Universidade Federal do Rio Grande;10.823.313,39;58.072.770,77;52.933.652,62;11.197.761,04
mar/24;26000 - Ministério da Educação;26273 - Universidade Federal do Rio Grande;901.923,03;48.290.656,41;50.008.872,78;2.123.066,41
jun/24;26000 - Ministério da Educação;26243 - Universidade Federal do Rio Grande do Norte;17.135.162,49;227.102.455,91;160.708.643,17;1.820.227,55
abr/24;26000 - Ministério da Educação;26243 - Universidade Federal do Rio Grande do Norte;75.332.376,94;156.008.209,21;155.851.559,54;7.514.132,27
jan/24;26000 - Ministério da Educação;26243 - Universidade Federal do Rio Grande do Norte;1.875.912.253,72;147.422.510,56;24.182.805,41;183.032.124,87
nov/24;26000 - Ministério da Educação;26243 - Universidade Federal do Rio Grande do Norte;22.961.204,98;238.436.674,01;211.194.299,93;785.207,61
fev/24;26000 - Ministério da Educação;26243 - Universidade Federal do Rio Grande do Norte;21.060.857,20;146.383.654,62;132.790.048,43;33.519.608,41
mar/24;26000 - Ministério da Educação;26243 - Universidade Federal do Rio Grande do Norte;9.490.781,31;158.511.850,78;152.730.274,72;8.827.933,44
jul/24;26000 - Ministério da Educação;26243 - Universidade Federal do Rio Grande do Norte;28.400.748,65;168.923.059,80;229.436.294,79;2.525.119,82
dez/24;26000 - Ministério da Educação;26243 - Universidade Federal do Rio Grande do Norte;21.718.574,27;190.794.794,99;212.016.505,52;409.056,88
mai/24;26000 - Ministério da Educação;26243 - Universidade Federal do Rio Grande do Norte;41.558.089,01;165.652.072,51;159.268.139,72;3.460.707,50
out/24;26000 - Ministério da Educação;26243 - Universidade Federal do Rio Grande do Norte;35.425.075,42;167.272.884,94;168.681.501,90;1.123.374,10
set/24;26000 - Ministério da Educação;26243 - Universidade Federal do Rio Grande do Norte;32.216.081,26;189.065.885,82;169.441.879,82;5.781.311,29
ago/24;26000 - Ministério da Educação;26243 - Universidade Federal do Rio Grande do Norte;17.224.965,85;171.270.221,08;165.992.929,29;1.064.225,52
set/24;26000 - Ministério da Educação;26244 - Universidade Federal do Rio Grande do Sul;18.868.298,16;172.187.591,26;173.781.390,99;680.062,21
fev/24;26000 - Ministério da Educação;26244 - Universidade Federal do Rio Grande do Sul;16.144.062,31;166.706.551,50;149.236.485,14;30.328.168,02
mar/24;26000 - Ministério da Educação;26244 - Universidade Federal do Rio Grande do Sul;19.213.169,03;172.540.416,34;167.399.087,34;8.605.139,50
out/24;26000 - Ministério da Educação;26244 - Universidade Federal do Rio Grande do Sul;67.450.381,44;179.537.439,35;181.827.074,88;214.828,17
jun/24;26000 - Ministério da Educação;26244 - Universidade Federal do Rio Grande do Sul;5.462.649,62;377.182.602,46;229.857.060,23;18.905.710,61
dez/24;26000 - Ministério da Educação;26244 - Universidade Federal do Rio Grande do Sul;16.471.741,97;225.068.845,28;333.856.663,19;467.910,54
mai/24;26000 - Ministério da Educação;26244 - Universidade Federal do Rio Grande do Sul;193.430.327,95;196.836.708,30;175.613.157,06;1.735.710,71
ago/24;26000 - Ministério da Educação;26244 - Universidade Federal do Rio Grande do Sul;-22.881.769,26;177.230.261,65;179.096.245,44;675.643,14
jul/24;26000 - Ministério da Educação;26244 - Universidade Federal do Rio Grande do Sul;21.223.515,57;179.349.347,77;225.516.817,07;495.850,24
abr/24;26000 - Ministério da Educação;26244 - Universidade Federal do Rio Grande do Sul;111.457.611,01;168.534.653,22;168.161.741,67;6.551.850,23
jan/24;26000 - Ministério da Educação;26244 - Universidade Federal do Rio Grande do Sul;2.012.057.531,50;164.284.635,25;27.629.055,87;177.533.679,20
nov/24;26000 - Ministério da Educação;26244 - Universidade Federal do Rio Grande do Sul;10.976.080,43;255.224.108,58;206.369.024,94;565.572,52
jan/24;26000 - Ministério da Educação;26450 - Universidade Federal do Sul da Bahia;125.850.248,78;9.030.864,05;1.738.485,36;10.365.523,58
jul/24;26000 - Ministério da Educação;26450 - Universidade Federal do Sul da Bahia;2.290.565,05;11.682.943,53;14.664.191,62;1.294.082,24
dez/24;26000 - Ministério da Educação;26450 - Universidade Federal do Sul da Bahia;11.981.746,18;24.238.820,22;24.449.954,91;74.820,66
mar/24;26000 - Ministério da Educação;26450 - Universidade Federal do Sul da Bahia;1.278.680,49;10.264.308,54;10.103.284,07;1.754.245,18
set/24;26000 - Ministério da Educação;26450 - Universidade Federal do Sul da Bahia;3.001.556,61;14.060.779,92;11.368.877,69;1.787.294,03
mai/24;26000 - Ministério da Educação;26450 - Universidade Federal do Sul da Bahia;1.949.522,88;11.506.139,04;9.484.635,77;682.353,07
jun/24;26000 - Ministério da Educação;26450 - Universidade Federal do Sul da Bahia;-957.432,65;13.768.450,62;11.075.358,04;1.051.172,43
fev/24;26000 - Ministério da Educação;26450 - Universidade Federal do Sul da Bahia;2.172.602,19;9.666.595,52;8.615.814,49;2.402.242,75
nov/24;26000 - Ministério da Educação;26450 - Universidade Federal do Sul da Bahia;3.613.360,62;19.385.342,50;15.332.406,47;120.750,21
out/24;26000 - Ministério da Educação;26450 - Universidade Federal do Sul da Bahia;1.658.176,68;12.880.312,77;13.537.367,04;476.119,91
abr/24;26000 - Ministério da Educação;26450 - Universidade Federal do Sul da Bahia;939.006,26;9.811.885,27;11.129.209,05;1.504.371,27
ago/24;26000 - Ministério da Educação;26450 - Universidade Federal do Sul da Bahia;7.609.659,80;10.170.641,40;10.391.425,71;1.285.328,70
fev/24;26000 - Ministério da Educação;26448 - Universidade Federal do Sul e Sudeste do Pará;3.912.137,82;13.949.754,36;11.981.481,61;1.967.208,05
set/24;26000 - Ministério da Educação;26448 - Universidade Federal do Sul e Sudeste do Pará;1.025.552,77;12.244.372,68;12.596.254,74;342.186,28
dez/24;26000 - Ministério da Educação;26448 - Universidade Federal do Sul e Sudeste do Pará;8.886.075,97;16.046.647,11;16.745.841,83;749.577,55
nov/24;26000 - Ministério da Educação;26448 - Universidade Federal do Sul e Sudeste do Pará;-1.299.252,13;19.140.708,21;15.035.906,22;442.264,74
ago/24;26000 - Ministério da Educação;26448 - Universidade Federal do Sul e Sudeste do Pará;14.986,26;14.104.829,43;13.805.563,77;594.658,57
jan/24;26000 - Ministério da Educação;26448 - Universidade Federal do Sul e Sudeste do Pará;149.299.421,54;13.605.398,00;2.905.426,70;12.764.244,41
mai/24;26000 - Ministério da Educação;26448 - Universidade Federal do Sul e Sudeste do Pará;3.492.894,51;14.243.617,56;13.117.517,46;1.881.596,79
mar/24;26000 - Ministério da Educação;26448 - Universidade Federal do Sul e Sudeste do Pará;588.242,29;13.751.874,79;14.717.548,95;1.820.866,89
out/24;26000 - Ministério da Educação;26448 - Universidade Federal do Sul e Sudeste do Pará;2.474.046,83;12.530.077,02;12.158.274,40;372.955,89
jun/24;26000 - Ministério da Educação;26448 - Universidade Federal do Sul e Sudeste do Pará;4.169.121,09;16.506.282,69;13.841.349,30;2.719.671,20
abr/24;26000 - Ministério da Educação;26448 - Universidade Federal do Sul e Sudeste do Pará;2.999.946,84;11.605.457,54;12.530.472,44;690.802,60
jul/24;26000 - Ministério da Educação;26448 - Universidade Federal do Sul e Sudeste do Pará;6.831.638,65;13.873.360,08;17.145.870,46;717.548,53
fev/24;26000 - Ministério da Educação;26254 - Universidade Federal do Triângulo Mineiro;2.120.759,46;45.019.201,00;39.565.261,85;13.387.048,54
ago/24;26000 - Ministério da Educação;26254 - Universidade Federal do Triângulo Mineiro;3.338.958,81;47.825.645,39;47.886.699,30;1.488.926,11
set/24;26000 - Ministério da Educação;26254 - Universidade Federal do Triângulo Mineiro;1.021.557,88;48.671.791,12;48.291.509,22;346.706,12
abr/24;26000 - Ministério da Educação;26254 - Universidade Federal do Triângulo Mineiro;10.114.136,52;45.771.425,48;45.810.583,14;1.955.797,88
jan/24;26000 - Ministério da Educação;26254 - Universidade Federal do Triângulo Mineiro;557.014.253,18;44.678.766,12;7.831.877,14;47.666.263,63
dez/24;26000 - Ministério da Educação;26254 - Universidade Federal do Triângulo Mineiro;7.472.204,13;54.284.131,79;59.868.598,20;230.805,54
out/24;26000 - Ministério da Educação;26254 - Universidade Federal do Triângulo Mineiro;8.475.045,96;48.733.485,63;48.641.207,63;322.219,53
mar/24;26000 - Ministério da Educação;26254 - Universidade Federal do Triângulo Mineiro;7.478.156,37;44.799.819,86;45.045.104,72;3.729.758,23
jul/24;26000 - Ministério da Educação;26254 - Universidade Federal do Triângulo Mineiro;8.061.377,42;48.100.998,40;62.764.440,63;1.069.322,12
jun/24;26000 - Ministério da Educação;26254 - Universidade Federal do Triângulo Mineiro;14.087.780,91;63.166.934,80;50.246.518,03;1.587.057,01
mai/24;26000 - Ministério da Educação;26254 - Universidade Federal do Triângulo Mineiro;15.755.336,23;50.474.289,25;47.327.239,70;939.419,01
nov/24;26000 - Ministério da Educação;26254 - Universidade Federal do Triângulo Mineiro;-2.510.064,09;71.016.779,96;56.320.873,03;69.170,48
jun/24;26000 - Ministério da Educação;26255 - Universidade Federal dos Vales do Jequitinhonha e Mucuri;16.460.058,39;33.616.499,61;29.579.428,61;944.503,11
fev/24;26000 - Ministério da Educação;26255 - Universidade Federal dos Vales do Jequitinhonha e Mucuri;4.212.373,71;24.371.316,81;22.286.181,71;9.713.861,17
nov/24;26000 - Ministério da Educação;26255 - Universidade Federal dos Vales do Jequitinhonha e Mucuri;-2.129.757,57;43.103.491,70;34.262.213,16;204.334,64
abr/24;26000 - Ministério da Educação;26255 - Universidade Federal dos Vales do Jequitinhonha e Mucuri;21.769.125,21;26.282.689,27;26.776.877,58;1.547.522,84
mai/24;26000 - Ministério da Educação;26255 - Universidade Federal dos Vales do Jequitinhonha e Mucuri;3.408.739,06;29.662.917,21;27.318.870,30;1.366.799,12
jan/24;26000 - Ministério da Educação;26255 - Universidade Federal dos Vales do Jequitinhonha e Mucuri;310.256.025,14;24.969.154,41;5.241.944,10;29.988.630,42
out/24;26000 - Ministério da Educação;26255 - Universidade Federal dos Vales do Jequitinhonha e Mucuri;5.599.222,81;29.538.597,54;30.484.272,22;363.383,90
dez/24;26000 - Ministério da Educação;26255 - Universidade Federal dos Vales do Jequitinhonha e Mucuri;7.632.516,93;37.722.756,91;36.899.068,59;214.321,77
ago/24;26000 - Ministério da Educação;26255 - Universidade Federal dos Vales do Jequitinhonha e Mucuri;2.260.817,68;27.634.302,34;28.446.106,86;481.953,50
jul/24;26000 - Ministério da Educação;26255 - Universidade Federal dos Vales do Jequitinhonha e Mucuri;1.701.409,91;29.141.686,92;34.035.429,34;1.458.475,64
mar/24;26000 - Ministério da Educação;26255 - Universidade Federal dos Vales do Jequitinhonha e Mucuri;6.614.636,47;26.728.436,97;25.526.715,91;2.305.852,71
set/24;26000 - Ministério da Educação;26255 - Universidade Federal dos Vales do Jequitinhonha e Mucuri;866.363,52;30.121.685,43;28.829.239,61;557.166,97
jun/24;26000 - Ministério da Educação;26236 - Universidade Federal Fluminense;283.487.027,63;277.609.656,38;225.567.776,60;2.537.433,18
fev/24;26000 - Ministério da Educação;26236 - Universidade Federal Fluminense;201.314.727,82;190.170.451,91;194.596.531,51;29.099.431,60
jan/24;26000 - Ministério da Educação;26236 - Universidade Federal Fluminense;220.909.964,63;209.279.326,19;52.524.532,22;184.498.940,85
mai/24;26000 - Ministério da Educação;26236 - Universidade Federal Fluminense;249.024.318,63;233.842.648,87;214.404.999,64;15.879.030,04
set/24;26000 - Ministério da Educação;26236 - Universidade Federal Fluminense;208.079.056,68;206.852.939,51;204.948.383,54;847.660,34
ago/24;26000 - Ministério da Educação;26236 - Universidade Federal Fluminense;188.755.173,00;213.321.350,35;213.414.080,85;1.969.320,40
dez/24;26000 - Ministério da Educação;26236 - Universidade Federal Fluminense;176.393.362,94;246.795.917,14;270.188.145,86;4.337.701,46
mar/24;26000 - Ministério da Educação;26236 - Universidade Federal Fluminense;192.025.121,14;198.814.587,59;196.572.258,99;8.238.009,53
abr/24;26000 - Ministério da Educação;26236 - Universidade Federal Fluminense;216.887.663,47;208.467.512,57;195.039.180,38;4.840.472,06
out/24;26000 - Ministério da Educação;26236 - Universidade Federal Fluminense;202.412.273,39;216.085.733,62;213.675.025,06;849.256,80
jul/24;26000 - Ministério da Educação;26236 - Universidade Federal Fluminense;237.875.535,17;206.134.273,88;282.402.984,31;3.435.130,36
nov/24;26000 - Ministério da Educação;26236 - Universidade Federal Fluminense;380.290.109,17;305.707.236,15;238.466.822,70;649.450,54
dez/24;26000 - Ministério da Educação;26253 - Universidade Federal Rural da Amazônia;12.050.364,53;30.271.827,49;33.837.099,05;893.345,07
nov/24;26000 - Ministério da Educação;26253 - Universidade Federal Rural da Amazônia;1.421.824,22;37.203.754,90;27.930.616,99;1.510.182,99
jan/24;26000 - Ministério da Educação;26253 - Universidade Federal Rural da Amazônia;267.923.969,77;20.566.785,89;3.840.295,97;24.004.820,29
jun/24;26000 - Ministério da Educação;26253 - Universidade Federal Rural da Amazônia;-565.517,48;31.298.621,05;25.109.996,47;599.859,16
mai/24;26000 - Ministério da Educação;26253 - Universidade Federal Rural da Amazônia;10.047.781,42;24.735.421,22;25.163.387,12;396.738,07
out/24;26000 - Ministério da Educação;26253 - Universidade Federal Rural da Amazônia;-3.100.798,36;24.429.144,70;24.690.445,37;264.867,90
fev/24;26000 - Ministério da Educação;26253 - Universidade Federal Rural da Amazônia;2.958.971,57;20.947.370,37;18.450.236,36;6.337.241,60
set/24;26000 - Ministério da Educação;26253 - Universidade Federal Rural da Amazônia;-793.252,03;24.632.836,03;24.836.203,89;278.019,58
jul/24;26000 - Ministério da Educação;26253 - Universidade Federal Rural da Amazônia;20.255.656,75;23.929.484,78;30.926.303,09;253.907,16
abr/24;26000 - Ministério da Educação;26253 - Universidade Federal Rural da Amazônia;20.764.655,25;24.485.394,50;23.257.908,67;1.959.988,76
ago/24;26000 - Ministério da Educação;26253 - Universidade Federal Rural da Amazônia;1.517.793,12;24.795.450,80;24.113.380,39;348.533,50
mar/24;26000 - Ministério da Educação;26253 - Universidade Federal Rural da Amazônia;-741.877,22;23.056.709,83;22.124.911,00;893.741,80
out/24;26000 - Ministério da Educação;26248 - Universidade Federal Rural de Pernambuco;46.125.393,56;59.118.205,59;59.553.712,02;2.368.954,09
fev/24;26000 - Ministério da Educação;26248 - Universidade Federal Rural de Pernambuco;93.092.487,98;53.434.486,51;46.125.737,00;14.825.838,26
set/24;26000 - Ministério da Educação;26248 - Universidade Federal Rural de Pernambuco;115.209.301,35;66.025.017,10;64.227.830,90;3.361.366,82
ago/24;26000 - Ministério da Educação;26248 - Universidade Federal Rural de Pernambuco;30.741.832,64;60.978.296,56;62.560.200,79;9.320.742,54
jan/24;26000 - Ministério da Educação;26248 - Universidade Federal Rural de Pernambuco;58.785.747,81;51.394.488,85;10.313.355,96;62.523.325,72
jul/24;26000 - Ministério da Educação;26248 - Universidade Federal Rural de Pernambuco;35.828.977,59;57.578.480,99;69.825.430,36;898.718,78
mar/24;26000 - Ministério da Educação;26248 - Universidade Federal Rural de Pernambuco;55.936.516,20;55.713.000,17;55.021.464,77;5.176.068,57
jun/24;26000 - Ministério da Educação;26248 - Universidade Federal Rural de Pernambuco;87.227.159,63;73.870.967,83;60.697.708,33;1.125.101,08
nov/24;26000 - Ministério da Educação;26248 - Universidade Federal Rural de Pernambuco;56.460.259,83;90.965.199,50;69.913.719,12;212.408,81
dez/24;26000 - Ministério da Educação;26248 - Universidade Federal Rural de Pernambuco;33.226.371,14;74.505.373,72;75.951.410,22;2.825.039,63
mai/24;26000 - Ministério da Educação;26248 - Universidade Federal Rural de Pernambuco;128.350.118,24;58.631.440,41;56.765.346,75;1.441.143,50
abr/24;26000 - Ministério da Educação;26248 - Universidade Federal Rural de Pernambuco;43.102.186,54;57.817.534,39;56.978.867,80;4.214.437,83
mar/24;26000 - Ministério da Educação;26249 - Universidade Federal Rural do Rio de Janeiro;4.119.422,41;57.011.835,53;58.664.274,12;3.189.460,21
jun/24;26000 - Ministério da Educação;26249 - Universidade Federal Rural do Rio de Janeiro;3.755.560,82;81.493.255,18;67.259.572,27;1.538.163,94
mai/24;26000 - Ministério da Educação;26249 - Universidade Federal Rural do Rio de Janeiro;20.079.163,03;67.024.562,95;65.359.322,67;5.511.371,18
fev/24;26000 - Ministério da Educação;26249 - Universidade Federal Rural do Rio de Janeiro;4.197.375,32;61.140.446,66;60.663.685,85;1.955.615,37
abr/24;26000 - Ministério da Educação;26249 - Universidade Federal Rural do Rio de Janeiro;32.888.376,43;65.753.034,91;59.952.952,14;1.788.089,46
ago/24;26000 - Ministério da Educação;26249 - Universidade Federal Rural do Rio de Janeiro;2.942.840,54;64.565.370,19;62.436.596,16;962.676,39
nov/24;26000 - Ministério da Educação;26249 - Universidade Federal Rural do Rio de Janeiro;5.365.563,40;91.375.666,34;74.771.442,32;4.152.757,36
out/24;26000 - Ministério da Educação;26249 - Universidade Federal Rural do Rio de Janeiro;5.309.692,19;63.298.762,71;64.077.359,58;203.137,58
dez/24;26000 - Ministério da Educação;26249 - Universidade Federal Rural do Rio de Janeiro;32.891.493,53;86.528.053,51;92.211.883,11;1.173.747,03
set/24;26000 - Ministério da Educação;26249 - Universidade Federal Rural do Rio de Janeiro;-364.336,17;66.054.295,56;64.666.825,95;4.600.692,54
jan/24;26000 - Ministério da Educação;26249 - Universidade Federal Rural do Rio de Janeiro;752.526.582,50;52.206.947,21;5.277.580,78;71.607.189,93
jul/24;26000 - Ministério da Educação;26249 - Universidade Federal Rural do Rio de Janeiro;10.136.064,62;67.316.948,29;84.907.810,04;1.034.422,60
out/24;26000 - Ministério da Educação;26264 - Universidade Federal Rural do Semi-Árido;3.428.753,35;31.556.635,73;30.799.625,77;81.372,40
fev/24;26000 - Ministério da Educação;26264 - Universidade Federal Rural do Semi-Árido;5.824.487,92;28.803.348,91;25.432.109,51;4.949.300,65
mar/24;26000 - Ministério da Educação;26264 - Universidade Federal Rural do Semi-Árido;4.299.430,50;28.194.550,80;28.502.852,19;822.792,71
nov/24;26000 - Ministério da Educação;26264 - Universidade Federal Rural do Semi-Árido;6.562.889,11;44.178.801,48;36.621.890,94;47.376,23
jul/24;26000 - Ministério da Educação;26264 - Universidade Federal Rural do Semi-Árido;12.326.257,20;29.651.492,61;35.281.102,06;106.275,97
ago/24;26000 - Ministério da Educação;26264 - Universidade Federal Rural do Semi-Árido;1.311.602,95;33.332.289,19;30.044.555,38;85.087,15
jun/24;26000 - Ministério da Educação;26264 - Universidade Federal Rural do Semi-Árido;9.623.721,98;36.007.889,15;31.531.030,53;227.914,57
dez/24;26000 - Ministério da Educação;26264 - Universidade Federal Rural do Semi-Árido;14.695.681,79;39.231.058,71;43.986.097,11;40.076,27
mai/24;26000 - Ministério da Educação;26264 - Universidade Federal Rural do Semi-Árido;7.478.043,54;31.837.993,36;31.797.589,11;140.057,82
abr/24;26000 - Ministério da Educação;26264 - Universidade Federal Rural do Semi-Árido;26.325.508,19;32.333.542,95;29.347.674,28;344.236,02
jan/24;26000 - Ministério da Educação;26264 - Universidade Federal Rural do Semi-Árido;310.015.689,91;28.600.228,97;7.160.805,61;30.231.084,69
set/24;26000 - Ministério da Educação;26264 - Universidade Federal Rural do Semi-Árido;550.401,63;31.010.857,02;31.283.539,74;57.028,83
mar/24;26000 - Ministério da Educação;26258 - Universidade Tecnológica Federal do Paraná;8.134.518,65;82.569.645,48;91.169.057,32;9.277.993,63
jul/24;26000 - Ministério da Educação;26258 - Universidade Tecnológica Federal do Paraná;26.532.469,82;92.787.931,21;119.781.066,25;4.607.063,09
abr/24;26000 - Ministério da Educação;26258 - Universidade Tecnológica Federal do Paraná;15.056.723,20;85.380.932,25;83.432.178,33;11.433.486,34
ago/24;26000 - Ministério da Educação;26258 - Universidade Tecnológica Federal do Paraná;26.721.297,02;94.627.375,28;92.176.254,85;2.613.100,94
out/24;26000 - Ministério da Educação;26258 - Universidade Tecnológica Federal do Paraná;101.976.792,71;96.409.091,58;80.024.499,16;4.741.611,14
mai/24;26000 - Ministério da Educação;26258 - Universidade Tecnológica Federal do Paraná;30.403.761,35;95.737.289,38;79.327.848,48;8.903.754,61
nov/24;26000 - Ministério da Educação;26258 - Universidade Tecnológica Federal do Paraná;111.601.295,42;143.832.240,71;129.198.864,42;1.968.068,91
fev/24;26000 - Ministério da Educação;26258 - Universidade Tecnológica Federal do Paraná;3.082.980,99;79.724.067,91;81.466.598,32;10.939.025,25
dez/24;26000 - Ministério da Educação;26258 - Universidade Tecnológica Federal do Paraná;109.615.004,46;129.770.168,23;133.459.675,04;3.447.674,03
jun/24;26000 - Ministério da Educação;26258 - Universidade Tecnológica Federal do Paraná;38.864.857,94;116.712.480,03;93.753.354,84;5.336.307,38
set/24;26000 - Ministério da Educação;26258 - Universidade Tecnológica Federal do Paraná;81.942.379,86;95.025.508,66;94.434.010,21;3.719.026,57
jan/24;26000 - Ministério da Educação;26258 - Universidade Tecnológica Federal do Paraná;724.519.879,57;81.560.005,87;17.954.693,80;101.454.995,55
